datetime;CO2_livingroom;light_livingroom;rh_livingroom;temp_livingroom;temp_outdoor;presence_livingroom
43952,02083;555,3600159;0;27;24,21999931;5,92;1
43952,04167;553,4400024;0;27;24,21999931;5,92;1
43952,0625;546,0800018;0;27;24,21999931;5,92;1
43952,08333;547,1199951;0;28;24,23111046;5,92;1
43952,10417;556,223999;0;28,2;24,24222162;5,92;1
43952,125;567,8399963;0;28,4;24,25333277;5,92;1
43952,14583;560,960022;0;28,6;24,26444392;5,92;1
43952,16667;549,7600098;0;29,3;24,27555508;5,92;0
43952,1875;574,6133423;18;30;24,28666623;5,92;1
43952,20833;600;34,5;30,3;24,29777738;5,92;1
43952,22917;586,8800151;39,5;30,6;24,30888854;5,92;0
43952,25;632,4000244;62,5;30,5;24,31999969;5,920000076;1
43952,27083;601,8559937;65,25;30,5;24,33249974;6,420000076;0
43952,29167;589,7600098;60,4;31,25;24,34499979;6,670000076;0
43952,3125;650,0800069;62,5;32;24,35749984;6,920000076;1
43952,33333;654,4533285;58;32,06666667;24,36999989;6,795000076;1
43952,35417;606,5777724;37;32;24,38249993;6,670000076;0
43952,375;602,4959961;22;33,57142857;24,39499998;6,545000076;1
43952,39583;610,3999939;23,5;33,33333333;24,40750003;6,420000076;1
43952,41667;600,8533529;43,8;34;24,42000008;6,465454622;1
43952,4375;614,7199707;37,33333333;33,46428572;24,3920002;6,510909167;1
43952,45833;631,8399963;34;32,92857143;24,36400032;6,556363713;1
43952,47917;630,5066732;14;32,39285715;24,33600045;6,601818258;1
43952,5;593,7066752;26;31,85714286;24,30800057;6,647272804;0
43952,52083;549,0666707;16;32,42857143;24,28000069;6,692727349;0
43952,54167;585,2799988;4,444444444;33,28571429;24,26571492;6,738181894;1
43952,5625;576,960022;10;34,14285714;24,25142915;6,78363644;1
43952,58333;591,3600159;5;35;24,23714338;6,829090985;1
43952,60417;601,1733398;20;35,33333334;24,22285762;6,874545531;1
43952,625;571,74857;10;35,66666667;24,20857185;6,920000076;0
43952,64583;554,0072687;4,285714286;35,33333333;24,19428608;6,939230846;0
43952,66667;525,3942827;5;35,42222222;24,18000031;6,958461615;0
43952,6875;494,506663;2,19;35,51111111;24,13000012;6,977692384;0
43952,70833;526,7555576;4,74;35,6;24,07999992;6,996923153;1
43952,72917;599,4880127;7,3;35,3;24,23999977;7,016153922;1
43952,75;582,4640015;9,85;35;24,18000031;7,035384692;0
43952,77083;544,5866699;12,41;34;24,2300005;7,054615461;0
43952,79167;615,5733439;14,96;35,5;24,2550006;7,07384623;1
43952,8125;605,9200134;17,51;35,28;24,28000069;7,093076999;1
43952,83333;594,8800049;20,07;35,06;24,34000016;7,112307769;0
43952,85417;588,7999878;22,62;34,84;24,39999962;7,131538538;1
43952,875;605,8666585;25,17;34,62;24,5;7,150769307;1
43952,89583;606,8800049;27,73;34,4;24,46666654;7,170000076;1
43952,91667;589,7600098;30,28;34,5;24,43333308;7,189230846;0
43952,9375;574,1866455;32,84;34,54166667;24,39999962;7,208461615;0
43952,95833;567,8933512;35,39;34,58333334;24,29999924;7,227692384;1
43952,97917;565,4400024;37,94;34,625;24,28285654;7,246923153;1
43953;549,5466715;0;34,66666667;24,26571383;7,266153922;0
43953,02083;555,9733327;0;34,5;24,24857113;7,285384692;1
43953,04167;562,3999939;0;34,33333333;24,23142842;7,304615461;1
43953,0625;545,9199829;0;34,06666666;24,21428572;7,32384623;0
43953,08333;552,3199768;0;33,8;24,19714301;7,343076999;1
43953,10417;558,7199707;0;33,53333333;24,18000031;7,362307769;1
43953,125;543,7866618;0;33,26666667;24,14250017;7,381538538;0
43953,14583;537,9199829;0;33;24,10500002;7,400769307;1
43953,16667;547,8399963;0;33,25;24,06749988;7,420000076;1
43953,1875;547,3600159;0;33,5;24,02999973;7,670000076;1
43953,20833;552;0;33,75;23,99999962;7,920000076;1
43953,22917;601,8560059;84,69333394;34;23,9699995;8,179999828;1
43953,25;596,2666829;92,95764744;33;23,93999939;8,43999958;1
43953,27083;645,1599884;125,9272724;33,83333333;23,90999927;8,960000038;1
43953,29167;636,5866699;123,148571;33,5;23,87999916;9,21999979;1
43953,3125;577,8399963;159,7566662;31,93333333;23,76000023;9,479999542;0
43953,33333;564,6933255;152,8193102;32;23,60999966;9,609999657;0
43953,35417;535,0399902;147,135383;32,16666667;23,62249971;9,739999771;0
43953,375;592,5333455;137,7077779;32,33333333;23,63499976;10,17000008;1
43953,39583;623,8399963;155,8052163;32;23,6474998;10,51000023;1
43953,41667;619,8400269;139,2123061;31,66666667;23,65999985;11,02000046;1
43953,4375;638,8800049;149,0258807;32,63636364;23,76000023;11,52999973;1
43953,45833;573,1733297;140,6826655;31;23,65999985;12,03999996;0
43953,47917;524,5333303;173,2968405;30,5;23,50666746;12,54400005;0
43953,5;506,3200073;160,1263151;30,5;23,38000011;12,54666678;0
43953,52083;518,0800018;273,1178362;30,25;23,42500019;13,30000019;1
43953,54167;554,763633;372,859484;30;23,47000027;13,71833348;1
43953,5625;519,3066711;435,7439964;30,5;23,52000046;14,15000019;0
43953,58333;468,3200073;485,3625818;29;23,86666679;14,61222225;0
43953,60417;449,9200134;99,68666712;29,5;23,85500002;13,30000019;0
43953,625;496,7253398;84,02000046;30;23,84333324;12,92500019;1
43953,64583;543,5306661;60,5;37,45454545;23,83166646;12,55000019;1
43953,66667;650,7200012;29;35,5;23,81999969;12,03999996;1
43953,6875;673,9199951;14;38,54545455;23,98000018;11,78499985;1
43953,70833;579,8399997;0;36,21428571;24,06857164;11,52999973;0
43953,72917;484,8000031;0,32;33,83333333;23,27999987;10,76500034;0
43953,75;541,3028608;0,7;34,02777778;23,16666667;10;1
43953,77083;610,8800049;1,08;34,22222222;23,47000027;9,739999771;1
43953,79167;645,7600098;1,46;34,41666667;23,62000084;9,609999657;1
43953,8125;634,8800049;1,84;34,61111111;23,60000076;9,479999542;1
43953,83333;657,6436407;2,22;34,80555556;23,58000069;9,306666374;1
43953,85417;680,4072765;2,6;35;23,56000061;9,133333206;1
43953,875;641,023999;2,98;34;23,54000054;8,960000038;0
43953,89583;614,1866659;3,36;34,13333333;23,52000046;8,855999947;0
43953,91667;590,7199707;3,74;34,26666667;23,51333377;8,751999855;1
43953,9375;573,2266642;4,12;34,4;23,50666708;8,647999763;0
43953,95833;560,5599976;4,5;34,53333334;23,50000038;8,543999672;0
43953,97917;559,8399963;4,88;34,66666667;23,49333369;8,43999958;1
43954;564,7999878;0;34,53333333;23,486667;8,179999828;1
43954,02083;562,8800049;0;34,4;23,48000031;7,920000076;1
43954,04167;560,6400146;0;34,6;23,47333362;8,017500043;1
43954,0625;577,9200134;0;34,53333333;23,46666692;8,11500001;1
43954,08333;570,8800049;0;34,46666667;23,46000023;8,212499976;1
43954,10417;563,8399963;0;34,4;23,45333354;8,309999943;0
43954,125;574,8266805;0;34,33333333;23,44666685;8,407499909;1
43954,14583;576,8533529;0;34,26666667;23,44000016;8,504999876;1
43954,16667;576,960022;0;34,2;23,43333346;8,602499843;1
43954,1875;569,4933268;8,97;34,13333333;23,42666677;8,699999809;1
43954,20833;559,3599854;9,35;34,06666667;23,42000008;9,479999542;1
43954,22917;554,8800049;9,73;34;23,38666662;10;1
43954,25;587,3600006;50,66666667;33,04545455;23,35333315;10,76500034;1
43954,27083;614,8266602;101,58;32,09090909;23,31999969;11,52999973;1
43954,29167;600,4266629;105,48;31,5;23,42000008;12,03999996;0
43954,3125;502,5066783;120,3466644;30,25;23,21999931;12,55000019;0
43954,33333;530,047998;155,9333324;29;23,09500027;13,05000019;1
43954,35417;586,8799845;122,8159988;29;23,36999989;13,42500019;1
43954,375;597,2799988;188,8977788;29,5;23,52000046;13,80000019;1
43954,39583;592,960022;136,7124987;29,66666667;23,62000084;13,05000019;1
43954,41667;613,2266642;65,34000015;30,83333334;23,47000027;11,02000008;1
43954,4375;620,7999878;130,1475;32;23,52000046;9,479999542;1
43954,45833;658,0000153;182,7371423;34,33333333;23,62000084;10,7650001;1
43954,47917;657,8133341;169,9140727;33,83333333;23,73999977;11,86999989;1
43954,5;643,306661;114,9136822;33,33333333;23,68999958;11,78499985;0
43954,52083;628,7999878;38;32,5;23,63999939;11,02000014;0
43954,54167;617,9199829;133,6036356;31,66666667;23,68999958;11,02000046;1
43954,5625;612,1599935;70,08615347;32,58333334;23,73999977;11,52999973;1
43954,58333;624,5333252;21;33,5;23,78999996;9,734999975;1
43954,60417;601,3466644;43,28571429;34,5;23,84000015;9,347500006;0
43954,625;578,1600037;60,25;34,83333333;24,05999947;8,960000038;0
43954,64583;557,5466715;67,25;35,16666667;24,26000023;9,479999542;0
43954,66667;582,7199707;39;35,5;24,24571446;9,368571009;1
43954,6875;574,6399994;19;35;24,23142869;9,257142476;1
43954,70833;583,423999;0;35,33333333;24,21714292;9,145713942;1
43954,72917;563,0720093;2,75;34,57142857;24,20285716;9,034285409;0
43954,75;558,4800034;6,47;34,5;24,18857139;8,922856876;1
43954,77083;535,4240112;10,19;35;24,17428562;8,811428343;0
43954,79167;588,3600006;13,91;35,5;24,15999985;8,699999809;1
43954,8125;643,7333374;17,63;34,75;24,05999947;8,273333232;1
43954,83333;635,1200104;21,35;34;24,15999985;7,846666654;1
43954,85417;594,506663;25,07;35;24,10999966;7,420000076;0
43954,875;583,3599854;28,79;36;24,05999947;7,220000076;0
43954,89583;577,9199829;32,51;35,4;24,05285659;7,020000076;0
43954,91667;560,7999878;36,23;35,06666667;24,0457137;6,820000076;1
43954,9375;560,3199768;39,95;34,73333333;24,03857082;6,620000076;1
43954,95833;557,8399811;43,67;34,4;24,03142793;6,420000076;1
43954,97917;555,3599854;47,39;34,18666667;24,02428505;5,920000076;1
43955;568,3200073;0;33,97333333;24,01714216;5,664999962;1
43955,02083;557,5466512;0;33,76;24,00999928;5,409999847;1
43955,04167;561,1733195;0;33,54666666;24,00285639;4,894999941;1
43955,0625;564,7999878;0;33,33333333;23,99571351;4,380000035;1
43955,08333;575,8399963;0;33,38888889;23,98857062;4,380000075;1
43955,10417;575,3599854;0;33,44444444;23,98142774;4,380000114;0
43955,125;591,1466675;0;33,5;23,97428485;4,900000095;1
43955,14583;571,3600159;0;33,66666667;23,96714197;5,664999962;0
43955,16667;552,960022;0;33,83333333;23,95999908;6,420000076;0
43955,1875;589,3600006;87,04000092;34;23,89999962;7,420000076;1
43955,20833;604,1600138;82,21600037;33,5;23,84000015;8,9599998;1
43955,22917;621,2799988;87,64166705;33,46428572;23,86000023;9,479999542;1
43955,25;642,8800049;85,89777798;33,42857143;23,8800003;10;1
43955,27083;634,752002;112,297142;33,6;23,90000038;10,51000023;1
43955,29167;610,1333211;150,8266632;33,46666667;23,92000045;11,19000022;0
43955,3125;610,1333211;173,8447055;33,33333333;23,94000053;11,35999997;1
43955,33333;610,8800049;191,1157885;32,66666667;23,96000061;11,52999973;1
43955,35417;610,8800049;216,3952942;32;23,98000069;12,21000004;1
43955,375;598,5066732;85,23692263;31,66666667;24,00000076;9,219999981;0
43955,39583;623,3600159;45,85714286;33;24,02000084;5,662500024;1
43955,41667;618,8800049;89,1200002;33,33333334;24,04000092;5,664999962;1
43955,4375;618,5600179;62,59333356;33,66666667;24,21000004;5,537499905;1
43955,45833;662,0266724;13,18;33,33333334;24,42000008;5,409999847;1
43955,47917;622,1866659;15,93;33;24,39999962;4,900000095;0
43955,5;617,9733378;18,67;33,25;24,37999916;4,380000114;1
43955,52083;613,7600098;33,66666667;33,5;24,40499926;4,640000105;1
43955,54167;624;59;33,75;24,42999935;4,900000095;1
43955,5625;624;124,0126303;34;24,45499945;5,027500033;1
43955,58333;606,8800049;85,32499981;33,4;24,47999954;5,154999971;0
43955,60417;559,4880005;86,11157869;31,8;24,52999973;4,896666686;0
43955,625;585,6533305;30;32;24,52999973;4,6383334;1
43955,64583;583,8933309;25;30;24,52999973;4,380000114;1
43955,66667;517,2480042;5;30,27272728;24,37999916;4,120000005;0
43955,6875;552,5333354;0,384918895;30,54545455;24,31000042;3,859999895;1
43955,70833;572,7999878;1,963174046;32;24,57999992;3,686666568;1
43955,72917;540,7999878;3,541429198;30;24,84000015;3,513333241;0
43955,75;504,2560059;5,119684349;29,33333333;24,79999924;3,339999914;0
43955,77083;490,2400004;6,6979395;28,42857143;24,73999978;2,839999914;0
43955,79167;532,8000183;8,276194651;28,57142857;24,68000031;2,88545446;1
43955,8125;536,480011;9,854449803;28,71428572;24,57999992;2,930909005;0
43955,83333;574,1600189;11,43270495;28,85714286;24,61333338;2,976363551;1
43955,85417;700,4266663;13,01096011;29;24,64666685;3,021818096;1
43955,875;656,1777886;14,58921526;28,42857143;24,68000031;3,067272641;0
43955,89583;582,5066528;16,16747041;27,33333333;24,57999992;3,112727187;0
43955,91667;565,4399821;17,74572556;27,36111111;24,54666646;3,158181732;0
43955,9375;561,3333333;19,32398071;27,38888889;24,513333;3,203636278;1
43955,95833;557,2266846;20,90223586;27,41666666;24,47999954;3,249090823;1
43955,97917;550,7199707;22,48049101;27,44444444;24,45499945;3,294545369;1
43956;567,3600159;0;27,47222222;24,42999935;3,339999914;1
43956,02083;561,9199829;0;27,5;24,40499926;3,404999912;1
43956,04167;553,8133138;0;27,5;24,37999916;3,469999909;1
43956,0625;560;0;27,5;24,26000023;3,534999907;1
43956,08333;560,8320068;0;27,5;24,23500014;3,599999905;0
43956,10417;582,8571429;0;27,5;24,21000004;3,664999902;1
43956,125;568,8685739;0;27,5;24,18499994;3,7299999;0
43956,14583;554,8800049;0;27,5;24,15999985;3,794999897;0
43956,16667;566,7199707;0;27,5;24,19333331;3,859999895;1
43956,1875;579,8400269;38,26304253;27,5;24,22666677;4,380000114;1
43956,20833;596,7999878;60;28,33333333;24,26000023;4,900000095;1
43956,22917;604,3733317;39,66666667;29;24,22250009;5,154999971;1
43956,25;636,1600138;34;29,36363636;24,18499995;5,409999847;1
43956,27083;629,823999;45,71428571;29,72727273;24,1474998;5,789999962;1
43956,29167;545,2799857;68,77777778;30,09090909;24,10999966;6,170000076;0
43956,3125;531,0400035;63,42857143;30,45454545;23,95999908;6,50333341;1
43956,33333;547,3600006;62,57142857;30,47727273;24,05999947;6,836666743;1
43956,35417;600,0533244;98,78000069;30,5;24,03714235;7,170000076;1
43956,375;612,1599935;129,0079987;30,125;24,01428523;8,179999828;1
43956,39583;592,7999878;180,1119995;29,75;23,99142811;9,21999979;0
43956,41667;599,1466675;154,5714286;29,375;23,96857098;10;1
43956,4375;612,0533447;129,85333;29;23,94571386;10,51000023;1
43956,45833;624,960022;96,51000023;30;23,92285674;11,02000046;1
43956,47917;559,0000076;71;29;23,89999962;11,19000022;0
43956,5;483,6000061;174,475555;28;23,73999977;11,35999997;0
43956,52083;458,8800049;163,5466682;27;23,78999996;11,52999973;1
43956,54167;453,7600098;144,7699966;25,8;23,84000015;11,78499985;1
43956,5625;475,3200073;209,9051847;25,15;23,87333361;12,03999996;0
43956,58333;496,8800049;180,2207986;24,5;23,90666707;11,52999973;1
43956,60417;564,2133382;115,5199995;24,25;23,94000053;11,78499985;1
43956,625;595,2000122;59,5;24;24,04000092;11,53000005;1
43956,64583;596,7999878;32;23,66666667;23,96500063;11,27500025;0
43956,66667;545,7919922;22;23,33333333;23,89000034;11,02000046;0
43956,6875;489,0400009;12;23,91666667;23,68999958;10,51000023;0
43956,70833;470,506663;0;24,5;23,71499968;10;1
43956,72917;469,706665;1,967068579;24,44444444;23,73999977;9,479999542;0
43956,75;468,9066671;4,111661821;24,09629629;23,63999939;8,960000038;1
43956,77083;468,3200073;6,256255064;23,74814815;23,47000027;8,43999958;0
43956,79167;491,8400116;8,400848306;23,4;23,486667;7,920000076;1
43956,8125;513,6800079;10,54544155;23,6;23,50333373;7,820000076;1
43956,83333;593,8285697;12,69003479;24,5;23,52000046;7,720000076;1
43956,85417;677,7600037;14,83462803;30;23,63999939;7,620000076;1
43956,875;639,3600006;16,97922127;28,66666667;23,52000046;7,520000076;0
43956,89583;606,1866659;19,12381452;28,5;23,54000054;7,420000076;0
43956,91667;602,4533081;21,26840776;28,47619048;23,56000061;7,320000076;1
43956,9375;592,3200073;23,413001;28,45238095;23,58000069;7,220000076;1
43956,95833;592,0800018;25,55759424;28,42857143;23,60000076;7,120000076;1
43956,97917;591,8399963;27,70218749;28,4047619;23,62000084;7,020000076;1
43957;586,8800049;0;28,38095238;23,61285796;6,920000076;1
43957,02083;594,4000244;0;28,35714285;23,60571507;6,670000076;1
43957,04167;579,8399862;0;28,33333333;23,59857219;6,420000076;0
43957,0625;590,8800049;0;28,375;23,5914293;6,50333341;1
43957,08333;578,8800049;0;28,41666667;23,58428642;6,586666743;0
43957,10417;590,9333293;0;28,45833333;23,57714353;6,670000076;1
43957,125;603,611424;0;28,5;23,57000065;6,75333341;1
43957,14583;591,2533366;0;27,4;23,56285777;6,836666743;0
43957,16667;602,7200012;47,00352666;27,7;23,55571488;6,920000076;1
43957,1875;614,1866659;69,38000011;28;23,548572;7,420000076;1
43957,20833;605,706665;97,6;27,5;23,54142911;8,179999828;1
43957,22917;663,31427;80,22400055;26,28571429;23,53428623;8,960000038;1
43957,25;630,7199707;83,22400055;26,04;23,52714334;9,739999771;0
43957,27083;630,133311;141,3949976;25,90909091;23,52000046;10,51000023;1
43957,29167;629,5466512;135,1866646;26;23,47000027;11,02000046;1
43957,3125;574,9333293;121,451428;24,4;23,42000008;11,27500025;0
43957,33333;498,1333415;119,6159981;23,33333333;23,46000036;11,53000005;0
43957,35417;464,8533325;152,3657134;22,91666667;23,50000064;11,78499985;0
43957,375;470,3999939;112,684444;22,5;23,54000092;11,78499985;1
43957,39583;575,8000031;151,112725;31,22222222;23,56400071;11,78499985;1
43957,41667;631,3600159;134,3949986;29;23,58800049;12,16750002;1
43957,4375;639,2960083;142,5866636;29,5;23,61200028;12,55000019;1
43957,45833;643,0880066;118,6933339;28,16666667;23,63600006;13,25833352;1
43957,47917;646,8800049;172,7799988;26;23,65999985;13,96666686;1
43957,5;623,3599854;278,1236323;26;23,73500014;15,06599979;0
43957,52083;622,8800049;406,2933375;25,94117647;23,81000042;15,77799988;1
43957,54167;627,8399963;354,5241328;25,42745098;24,02999973;14,80999994;1
43957,5625;627,8399963;76,60800018;24,91372549;24,18000031;14,05000019;1
43957,58333;627,8399963;147,8126313;24,4;24,13000012;13,80000019;1
43957,60417;611,8400269;64,50666682;24,6;24,07999992;13,55000019;0
43957,625;611,8400269;19,16666667;24,8;24,02999973;12,03800011;1
43957,64583;572,0959961;20;25;24,07999992;10,25500011;0
43957,66667;560,0640015;34;25,33333333;24,13000012;10,51000023;0
43957,6875;589,3866679;10,66666667;25,66666667;24,18000031;10;1
43957,70833;585,1733398;0,028616852;26;24,28000069;9,479999542;1
43957,72917;539,8755527;1,459459459;26;24,2300005;10;0
43957,75;606,3200073;2,890302067;26;24,18000031;9,826666514;1
43957,77083;636,7999878;4,321144674;26;24,07999992;9,653333028;1
43957,79167;624;5,751987281;26;24,10500002;9,479999542;0
43957,8125;632,7999878;7,182829889;26;24,13000012;8,699999809;1
43957,83333;612,7999878;8,613672496;26;24,15500021;8,439999898;0
43957,85417;627,2640015;10,0445151;26;24,18000031;8,179999987;1
43957,875;628,8533325;11,47535771;26;24,28000069;7,920000076;1
43957,89583;584,5333455;12,90620032;25,5;24,18000031;7,670000076;0
43957,91667;554,8800049;14,33704293;25;24,07999992;7,420000076;1
43957,9375;557,4400024;15,76788553;24,5;24,05499983;6,920000076;1
43957,95833;560;17,19872814;24,5;24,02999973;6,420000076;0
43957,97917;555,0933228;18,62957075;24,4;24,00499964;5,920000076;1
43958;561,1733398;0;23,91428572;23,97999954;5,664999962;1
43958,02083;551,8400116;0;23,42857143;23,98636324;5,409999847;0
43958,04167;576;0;22,96428572;23,99272693;4,900000095;1
43958,0625;560,960022;0;22,5;23,99909063;4,640000105;0
43958,08333;550,8800049;0;22,33333333;24,00545432;4,380000114;0
43958,10417;587,8399963;0;22,5;24,01181802;4,553333441;1
43958,125;614,6488851;0;22,5;24,01818171;4,726666768;1
43958,14583;576,8533325;0;22,75;24,02454541;4,900000095;0
43958,16667;599,7866414;52,5;23;24,0309091;5,409999847;1
43958,1875;611,1360107;88,04000092;22,4;24,0372728;5,789999962;1
43958,20833;593,9794346;92,40888977;22,66666667;24,04363649;6,170000076;0
43958,22917;576,8228585;85,68699592;22,42857143;24,05000019;6,920000076;0
43958,25;557,5466715;84;22,5;23,84999943;7,170000076;0
43958,27083;587,3599854;84;22,51428571;23,85999947;7,420000076;1
43958,29167;600,8533529;94,18732064;22,52857143;23,86999951;8,179999828;1
43958,3125;608,3199768;75,2461542;22,54285714;23,87999954;8,569999933;1
43958,33333;612,7999878;96,14857047;22,55714286;23,88999958;8,960000038;1
43958,35417;643,4285627;97,86518493;22,57142857;23,89999962;9,306666533;1
43958,375;564,022862;113,9233329;21,5;23,79999924;9,653333028;1
43958,39583;506,8800049;151;20,5;23,68000031;10,25500011;0
43958,41667;524,3200022;157,4577755;20,83333333;23,57999992;10,63750029;1
43958,4375;578,4960083;180,8160004;21,16666667;23,60500002;11,02000046;1
43958,45833;588,1600037;163,5399971;21,5;23,63000012;10,51000023;1
43958,47917;608,3200073;162,0199966;21,5;23,65500021;11,02000046;1
43958,5;548,4800034;169,0222219;20,8;23,68000031;11,52999973;0
43958,52083;472,5333252;158,2488861;20,26666667;23,57999992;11,02000046;0
43958,54167;466,8800049;232,0730392;19,73333334;23,47999954;11,52999973;1
43958,5625;449,9200134;166,5199998;19,2;23,50499964;11,02000046;0
43958,58333;456,8160134;73;18,66666667;23,52999973;11,2750001;1
43958,60417;463,7120134;120,6400003;18,80341881;23,55499983;11,52999973;1
43958,625;470,6080134;77,14285714;18,94017094;23,57999992;11,42799988;1
43958,64583;477,5040134;36;19,07692308;23,513333;11,32600002;1
43958,66667;484,3999939;26;20,66666667;23,44666608;11,22400017;1
43958,6875;497,4400024;16;20,33333333;23,47999954;11,12200031;1
43958,70833;479,3600006;0;21;23,513333;11,02000046;0
43958,72917;595,0133413;1,959660962;20,5;23,54666646;10,51000023;1
43958,75;632,213328;6,363393461;22,5;23,57999992;9,47999986;1
43958,77083;635,8400269;10,76712596;23,5;23,63000012;8,43999958;1
43958,79167;621,2266642;15,17085846;23,5;23,68000031;8,266666412;0
43958,8125;632,7466634;19,57459096;23,5;23,84000015;8,093333244;1
43958,83333;615,3066508;23,97832346;23,5;23,79999924;7,920000076;0
43958,85417;590,9119995;28,38205595;23,5;23,79333263;7,420000076;0
43958,875;583,4026754;32,78578845;23,5;23,78666603;7,170000076;0
43958,89583;575,8933512;37,18952095;23,5;23,77999942;6,920000076;1
43958,91667;564,7999878;41,59325345;23,66666667;23,77333281;6,670000076;0
43958,9375;568,960022;45,99698595;24,6;23,7666662;6,420000076;1
43958,95833;580,7999878;50,40071845;24,55;23,7599996; ;1
43958,97917;575,1466675;54,80445095;24,5;23,75333299;;1
43959;571,8399862;0;25,27941177;23,74666638;5,920000076;0
43959,02083;576,2560059;0;26,05882353;23,73999977;5,664999962;1
43959,04167;573,2799988;0;26;23,73333317;5,409999847;1
43959,0625;584,8533122;0;26,83333334;23,72666656;;1
43959,08333;576,7999878;0;27,66666667;23,71999995;;1
43959,10417;576,9600016;0;27,80555556;23,71333335;5,920000076;1
43959,125;564,7999878;0;27,94444445;23,70666674;6,420000076;0
43959,14583;571,8399963;0;28,08333334;23,70000013;6,920000076;1
43959,16667;572,6933339;94,43804343;28,22222222;23,69333352;7,670000076;1
43959,1875;573,5466715;103,0400009;28,36111111;23,68666692;8,699999809;1
43959,20833;608,8319946;105,4000006;28,5;23,68000031;9,479999542;1
43959,22917;607,0857021;82,24923119;29,71428571;23,54666646;10,25500011;1
43959,25;622,4000244;92,37333425;30;23,57999992;10,55250025;1
43959,27083;634,8800049;97,42725366;31,625;23,61333339;10,85000038;1
43959,29167;651,8400269;106;32,8125;23,64666685;11,52999973;1
43959,3125;625,8133341;105,3499045;34;23,68000031;11,19000022;0
43959,33333;600;98,45714351;33,85714286;23,78000069;10,76500034;0
43959,35417;600,6399943;122,6866665;33,71428572;23,89999962;10,51000023;1
43959,375;623,3600159;102,0749998;33,57142857;24;11,2750001;1
43959,39583;627,8400269;133,4745452;33,42857143;24,10000038;12,29500008;1
43959,41667;618,8800049;153,4559995;31,66666667;24,01499987;13,30000019;1
43959,4375;584,9599991;145,8309087;29,5;23,92999935;14,05000019;0
43959,45833;498,8159973;165,8819035;29;23,76000023;14,21666686;0
43959,47917;464,9599915;193,7599996;28,5;23,65999985;14,38333352;0
43959,5;453,7600098;244,2622214;28;23,73500014;14,30000019;0
43959,52083;450,8000107;323,1150002;27;23,81000042;14,80999994;0
43959,54167;447,8400116;501,7199992;26,33333334;23,97999954;14,89666653;1
43959,5625;444,8800125;444,7999975;25,66666667;24,07999992;14,55500007;1
43959,58333;441,9200134;383,5485709;25,77777778;24,2300005;14,30000019;0
43959,60417;453,7600098;90,02500057;25,88888889;24,20500041;13,92500019;1
43959,625;456,3200073;70;26;24,18000031;13,55000019;1
43959,64583;458,8800049;59;26,11111111;24,02999973;13,42500019;1
43959,66667;461,4400024;38;26,22222222;23,87999916;13,30000019;1
43959,6875;464;18;26,33333333;23,81000042;13,17500019;1
43959,70833;535,4311184;3,333333333;28;24,02999973;13,05000019;1
43959,72917;582,6399994;0,098986342;27;23,97999954;12,80000019;1
43959,75;565,9200134;0,527292628;27,5;23,92999935;12,55000019;0
43959,77083;517,8666687;0,955598915;25,8;23,71000004;12,03999996;0
43959,79167;472;1,383905202;25,88888889;23,55999947;11,78499985;0
43959,8125;452,8000031;1,812211488;25,97777778;23,45999908;11,52999973;0
43959,83333;455,1999995;2,240517775;26,06666667;23,55999947;11,02000046;1
43959,85417;457,5999959;2,668824061;26,15555555;23,65999985;10,51000023;1
43959,875;480,2559998;3,097130348;26,24444444;23,55999947;10,25500011;1
43959,89583;531,1999919;3,525436634;26,33333333;23,45999908;10;1
43959,91667;559,8933309;3,953742921;26,22666666;23,34000015;9,479999542;1
43959,9375;541,7600098;4,382049208;26,12;23,44000053;8,960000038;0
43959,95833;555,8400269;4,810355494;26,01333333;23,54000092;8,43999958;1
43959,97917;544,960022;5,238661781;25,90666667;23,60000039;7,670000076;1
43960;561,9200134;0;25,8;23,65999985;6,920000076;1
43960,02083;580,7999878;0;26;23,66833321;6,420000076;1
43960,04167;568,8533325;0;24;23,67666658;6,170000076;0
43960,0625;556,7999878;0;24,5;23,68499995;5,920000076;0
43960,08333;558,3999939;0;24,5;23,69333331;6,045000076;1
43960,10417;565,5466512;0;24,5;23,70166668;6,170000076;1
43960,125;589,9200134;0;25;23,71000004;6,295000076;1
43960,14583;568,3200073;0;24,33333333;23,6724999;6,420000076;0
43960,16667;556,4799805;9,09341836;23,88095238;23,63499976;6,920000076;1
43960,1875;547,9999898;9,521724647;23,42857143;23,59749961;7,420000076;1
43960,20833;539,5199992;10;23,75238095;23,55999947;7,920000076;1
43960,22917;540,3200073;49,43465591;24,07619048;23,60999966;8,43999958;1
43960,25;600,799998;116,6239998;24,4;23,65999985;9,133333206;1
43960,27083;577,0133362;81,85846182;25;23,50999928;9,479999542;0
43960,29167;612,9828578;131,1866633;24;23,55999947;10;1
43960,3125;595,6000061;133,1733322;23,72222222;23,65999985;10,51000023;0
43960,33333;539,885716;101,7699997;23,44444444;23,61000013;10,25500011;0
43960,35417;480,8533325;89,68000031;22,97222222;23,34000015;10,51000023;1
43960,375;502,9942845;108,6098529;22,5;23,49000072;10,76500034;1
43960,39583;570,2400106;102;23,5;23,71000004;11,02000046;1
43960,41667;599,2319946;125,0133336;22,5;23,68499995;11,78499985;1
43960,4375;652,3428693;120,5199989;22,41666667;23,65999985;11,52999973;1
43960,45833;657,9200134;129,6800003;22,33333333;23,63499976;11,9124999;1
43960,47917;592,0914132;172,5321751;21,33333333;23,60999966;12,29500008;0
43960,5;499,0399984;301,4620667;20,66666667;23,65999985;12,80000019;0
43960,52083;456;433,8086946;20;23,71000004;13,45000019;0
43960,54167;446,8266703;628,6811375;19,66666667;24,0250001;13,20000019;1
43960,5625;435,8399963;585,0694797;19,33333333;24,34000015;12,41875005;1
43960,58333;476,4160034;620,8182844;19;24,65500021;12,14200001;1
43960,60417;559,0755547;123,0945462;25,21052632;24,92000008;10,51000023;1
43960,625;491,6799965;69,24579296;23,35714286;24,70000013;9,21999979;0
43960,64583;460,7999878;61;20,5;24,25499964;9,21999979;1
43960,66667;467,8399963;40,33333333;20,5;23,95999908;8,43999958;1
43960,6875;474,8800049;20;20;23,89999962;7,920000076;1
43960,70833;499,840004;5;20,5;23,84000015;7,670000076;1
43960,72917;542,2628523;2,463491388;20,6;23,94000053;7,420000076;1
43960,75;591,6000061;6,520476292;21,66666667;23,84000015;6,670000076;1
43960,77083;595,519989;10,57746119;23,33333333;23,94000053;6,295000076;1
43960,79167;605,4400024;14,6344461;23,5;23,99000073;5,920000076;1
43960,8125;643,9466756;18,691431;23,5;24,04000092;5,75;1
43960,83333;620,7999878;22,7484159;23,5;24,15999985;5,579999924;0
43960,85417;611,3599854;26,80540081;24;24,21000004;5,409999847;1
43960,875;601,9199829;30,86238571;24,33333334;24,26000023;5,48599987;1
43960,89583;631,8399963;34,91937061;24,66666667;24,31000042;5,561999893;1
43960,91667;641,9733276;38,97635552;25,08333334;24,36000061;5,637999916;1
43960,9375;593,8133138;43,03334042;25,5;24,26000023;5,713999939;0
43960,95833;571,8400269;47,09032532;25,91666667;24,15999985;5,789999962;0
43960,97917;560,960022;51,14731023;26,33333333;24,14571408;5,865999985;1
43961;580,3200073;0;27,66666667;24,13142831;5,942000008;1
43961,02083;581,1199951;0;28,33333334;24,11714254;6,018000031;1
43961,04167;551,8399963;0;29;24,10285678;6,094000053;0
43961,0625;543,8720093;0;29,5;24,08857101;6,170000076;1
43961,08333;547,8399963;0;30;24,07428524;6,920000076;1
43961,10417;549,0560181;0;30,33333334;24,05999947;7,420000076;1
43961,125;546,8800049;0;30,66666667;24,03999939;7,670000076;1
43961,14583;551,1466675;0;31,43333334;24,01999931;7,920000076;1
43961,16667;549,7600098;87,66017436;32,2;23,99999924;8,179999828;1
43961,1875;557,2799988;91,71715926;32,02222222;23,97999916;8,43999958;1
43961,20833;551,9200058;95,77414416;31,84444445;23,95999908;9,21999979;1
43961,22917;546,5600128;99,83112907;31,66666667;23,84000015;10,25500011;1
43961,25;575,5200094;102;32,2;23,76499987;11,53000005;1
43961,27083;591,6800171;110,346667;31,5;23,68999958;12,55000019;1
43961,29167;552,8228673;136,1399975;31,55;23,48571405;13,30000019;0
43961,3125;611,235555;161,7527258;31,6;23,28142852;14,05000019;1
43961,33333;512,4799995;181,4160004;29,5;23,07714299;14,80999994;0
43961,35417;454,186676;170,8755536;32;21,6541177;15,31999969;1
43961,375;477,7600098;169,5885718;33,66666667;21,76499987;14,55000019;1
43961,39583;528,7314279;195,3353835;35,4;22,26999974;15,06999969;1
43961,41667;588,3200073;222,1661547;35,7;22,92000008;15,82999992;1
43961,4375;603,9466756;83,53052641;36;23,18000031;15,56999969;1
43961,45833;620,7999878;110,7872724;35;23,34000015;15,31999969;1
43961,47917;576,7466566;151,511998;34,55555556;23,44999981;15,06999969;0
43961,5;609,8133138;208,8059249;37;23,5;14,80999994;1
43961,52083;608,960022;68,75500011;36,5;23,55000019;14,55000019;1
43961,54167;598,7199707;40;37,08333334;23,60000038;13,80000019;1
43961,5625;608,960022;67,88500023;37,66666667;23,63333384;12,80000019;1
43961,58333;614,8266805;48,125;40;23,6666673;12,42000008;1
43961,60417;611,8399963;6,6;41;23,70000076;12,03999996;1
43961,625;597,7600098;5;42;23,78500033;11,78499985;0
43961,64583;688,0581721;3,333333333;42,5;23,86999989;11,52999973;1
43961,66667;660,223999;0,220019014;42;23,92000008;11,02000046;0
43961,6875;614,8000031;0,627461632;41,5;23,97000027;9,990714482;0
43961,70833;612,2666626;1,034904251;40,5;24,02000046;8,961428506;1
43961,72917;594,8800049;1,442346869;38,45454545;24,12000084;6,420000076;0
43961,75;518,5200005;1,849789488;34,5;24,23999977;5,409999847;0
43961,77083;462,8799973;2,257232106;33,4;24,18999958;4,640000105;1
43961,79167;479,1466675;2,664674725;32;24,13999939;3,859999895;1
43961,8125;478,506663;3,072117343;31,66666667;23,97000027;3,089999914;1
43961,83333;567,1679993;3,479559962;34,6;23,81999969;2,309999943;1
43961,85417;615,1466675;3,88700258;32,75;23,92000008;1,809999943;1
43961,875;580,5866699;4,294445199;31,66666667;23,91000004;1,299999952;0
43961,89583;563,8399963;4,701887817;30,77777778;23,9;1,248999959;0
43961,91667;581,7600098;5,109330436;30,5;23,88999996;1,197999966;1
43961,9375;563,8399963;5,516773054;29,33333333;23,87999992;1,146999973;0
43961,95833;552,9599915;5,924215673;29,02222222;23,86999989;1,09599998;1
43961,97917;561,6640015;6,331658291;28,71111111;23,85999985;1,044999987;1
43962;561,8133341;0;28,4;23,84999981;0,993999994;1
43962,02083;570,4000092;0;28,5;23,83999977;0,943000001;1
43962,04167;573,2266642;0;27,5;23,82999973;0,892000008;1
43962,0625;555,8400269;0;27,4;23,81999969;0,841000015;1
43962,08333;564,2666626;0;26;23,7699995;0,790000021;1
43962,10417;582,0693298;0;26;23,71999931;0,917500004;1
43962,125;599,8719971;0;26;23,60000038;1,044999987;1
43962,14583;578,8800049;0;25,66666667;23,63333384;1,17249997;0
43962,16667;580,3200073;5,714285714;24,4;23,6666673;1,299999952;1
43962,1875;613,9200134;60,00266673;24,5;23,70000076;1,809999943;1
43962,20833;586,8800049;86,88374996;23,42857143;23,60000038;1,554999948;0
43962,22917;639,1466675;90,83826048;23,24867725;23,70000076;2,059999943;1
43962,25;644,5866903;102,3155554;23,06878307;23,76000023;2,559999943;1
43962,27083;648,533332;102,1726315;22,88888889;23,81999969;3,089999914;1
43962,29167;636,4799805;95,22315778;22,06944445;23,94000053;3,173333248;0
43962,3125;578,6879944;107,4254539;21,25;23,78999996;3,859999895;0
43962,33333;486,8266703;90,73454493;19,27272727;23,63999939;4,380000114;0
43962,35417;521,4400075;97,1247056;18,53333333;23,68999958;5,154999971;1
43962,375;497,2160034;112,346667;17;23,73999977;5,154999971;0
43962,39583;492,6399994;116,5569212;16,6;23,65999985;5,75;1
43962,41667;504,7314322;134,2799988;15,5;23,57999992;6,420000076;1
43962,4375;456,9599915;147,8057153;15,5;23,59333356;6,795000076;0
43962,45833;453,7599945;147,8116662;15,5;23,6066672;7,170000076;1
43962,47917;491,3066661;177,4990481;15,83333333;23,62000084;7,170000076;1
43962,5;560,9279968;271,8225002;17;23,73999977;7,420000076;1
43962,52083;487,8933309;219,1455551;16,33333333;23,84000015;7,420000076;0
43962,54167;464;402,9527257;16,16666666;23,94000053;7,673333327;1
43962,5625;453,7600098;373,2767345;16;24,04000092;8,33599987;0
43962,58333;450,0800018;346,6372088;15,83333333;24,15999985;8,43999958;1
43962,60417;446,3999939;147,4711113;15,66666667;24,26000023;7,920000076;1
43962,625;446,3999939;71,60800018;15,5;24,3199997;7,420000076;1
43962,64583;544,7200089;43;19,375;24,37999916;5,658333381;1
43962,66667;590,9907696;33,5;20,33333333;24,47999954;5,154999971;1
43962,6875;603,8400269;21,58818419;20,66666667;24,49666627;5,070000013;1
43962,70833;653,3714338;5,75;21;24,513333;4,985000054;1
43962,72917;686,1440063;0,524786286;21,5;24,52999973;4,900000095;1
43962,75;675,1360026;1,949545434;21,6;24,54666646;4,640000105;0
43962,77083;657,9840027;3,374304582;21,5;24,56333319;4,380000114;0
43962,79167;600;4,79906373;21,44444444;24,57999992;3,599999905;0
43962,8125;595,8399963;6,223822878;21,38888889;24,68000031;3,447999907;1
43962,83333;593,1733398;7,648582025;21,33333333;24,64666685;3,295999908;1
43962,85417;573,8399963;9,073341173;21,66666667;24,61333338;3,14399991;0
43962,875;579,0933431;10,49810032;22;24,57999992;2,991999912;1
43962,89583;610,5600098;11,92285947;22,11428571;24,52999973;2,839999914;1
43962,91667;595,7333374;13,34761862;22,22857143;24,47999954;2,73399992;0
43962,9375;564,1599935;14,77237776;22,34285714;24,37999916;2,627999926;0
43962,95833;569,5466715;16,19713691;22,45714286;24,35599937;2,521999931;1
43962,97917;574,9333496;17,62189606;22,57142857;24,33199959;2,415999937;1
43963;555,8400269;0;22,5;24,3079998;2,309999943;0
43963,02083;568,5333252;0;22,5;24,28400002;2,143333276;1
43963,04167;555,8400269;0;22,5;24,26000023;1,976666609;0
43963,0625;553,9200134;0;22,45833333;24,24000015;1,809999943;1
43963,08333;558,1866455;0;22,41666667;24,22000008;2,059999943;1
43963,10417;568,3200073;0;22,375;24,2;2,309999943;1
43963,125;567,8399963;0;22,33333333;24,17999993;2,809999943;1
43963,14583;557,2799988;0;22,5;24,15999985;3,339999914;1
43963,16667;549,7600098;30,44472839;22,5;24,05999947;3,859999895;0
43963,1875;557,9200134;31,86948754;21;23,95999908;4,640000105;1
43963,20833;545,9200134;33,29424669;21,25;23,89999962;5,409999847;0
43963,22917;597,5466715;62,02000046;21,5;23,84000015;5,920000076;1
43963,25;574,6399994;83,60145061;21,4;23,73999977;6,420000076;0
43963,27083;590,0800049;76,6831534;22;23,84000015;7,170000076;1
43963,29167;611,8399963;74,51333364;21,4;23,68999958;7,920000076;1
43963,3125;552,1828526;94,18000031;19,375;23,52000046;7,75333341;0
43963,33333;500,6933339;97,34666528;19;23,42000008;7,586666743;1
43963,35417;463,3600006;45,28571429;19,03846154;23,31999969;7,420000076;0
43963,375;446,7200012;80,64249992;19,07692308;23,39499998;7,170000076;0
43963,39583;488,3733368;32,25;21,5;23,47000027;5,410000006;1
43963,41667;552,8320068;81,86461581;22,6;23,68000031;5,537499984;1
43963,4375;536,3911031;160,6459269;24,33333333;23,84000015;5,664999962;0
43963,45833;513,3866679;134,5431559;24,5;23,73999977;6,420000076;0
43963,47917;463,3600006;35,5;25;23,63999939;5,920000076;1
43963,5;475,8399963;33,5;26;23,52000046;5,409999847;0
43963,52083;466,3999939;29,6;26,75;23,60000039;4,900000095;1
43963,54167;536,6857038;309,5073682;27,5;23,68000031;5,658333381;1
43963,5625;614,3200073;148,8746653;27,33333333;23,86000061;6,420000076;1
43963,58333;617,9199829;75,83333333;25;23,97999954;6,170000076;1
43963,60417;632;44;26;24,013333;5,920000076;1
43963,625;631,3599854;23;26,2;24,04666646;5,154999971;1
43963,64583;595,2914342;15,99826577;26;24,07999992;4,380000114;0
43963,66667;511,0399933;8,974636896;25,5;24,28666687;4,25000006;0
43963,6875;465,2799988;0;25;24,5;4,120000005;1
43963,70833;494,0799988;1,450277784;26,07692308;24,39999962;3,98999995;1
43963,72917;532,1600037;3,458354716;25,88888889;24,41428539;3,859999895;1
43963,75;579,5657261;5,466431647;26;24,42857116;3,686666568;1
43963,77083;599,1466675;7,474508579;26,11111111;24,44285693;3,513333241;1
43963,79167;563,8399963;9,482585511;26,22222222;24,45714269;3,339999914;0
43963,8125;650,9760071;11,49066244;26,33333333;24,47142846;3,089999914;1
43963,83333;655,2228655;13,49873937;26,16666667;24,48571423;2,839999914;1
43963,85417;632,9142892;15,50681631;26;24,5;2,309999943;0
43963,875;591,3599854;17,51489324;25,94736842;24,39999962;2,184999943;0
43963,89583;563,5199992;19,52297017;26;24,37499953;2,059999943;1
43963,91667;569,1733398;21,5310471;26,09090909;24,34999943;1,934999943;0
43963,9375;570,5599976;23,53912403;25,85714286;24,32499933;1,809999943;1
43963,95833;577,1733195;25,54720096;26;24,29999924;1,737142801;1
43963,97917;578,2399902;27,5552779;26,05263158;24,27599945;1,66428566;1
43964;576,3199768;0;25,95238095;24,25199967;1,591428518;1
43964,02083;556,7999878;0;26;24,22799988;1,518571377;0
43964,04167;563,8399963;0;26;24,2040001;1,445714235;1
43964,0625;570,2857143;0;26;24,18000031;1,372857094;1
43964,08333;584,0800018;0;26;24,19000035;1,299999952;1
43964,10417;558,4000244;0;26,16666667;24,20000039;1,227142819;0
43964,125;564,7999878;0;26,33333333;24,21000042;1,154285686;1
43964,14583;570,5599976;0;26,5;24,22000046;1,081428553;1
43964,16667;568,6399902;45,62797028;26,66666667;24,2300005;1,00857142;0
43964,1875;599,3600057;47,63604721;26,83333333;24,24000054;0,935714287;1
43964,20833;603,8400065;44,5;27;24,25000058;0,862857154;1
43964,22917;626,6240051;24,75;27,66666667;24,26000061;0,790000021;1
43964,25;698,3680054;36,4;27,5;24,27000065;1,172499985;1
43964,27083;742,6559977;44,33333333;27,5;24,28000069;1,554999948;1
43964,29167;695,386673;58;27;24,26571492;1,491249949;0
43964,3125;623,8399811;42;27,14285714;24,25142915;1,42749995;0
43964,33333;624,1600189;44,875;27,28571429;24,23714338;1,363749951;1
43964,35417;624,0799866;37,16666667;27,42857143;24,22285762;1,299999952;1
43964,375;620,4800008;66,86285727;27,57142857;24,20857185;1,554999948;1
43964,39583;602,8800049;61,3;27,71428571;24,19428608;1,809999943;0
43964,41667;601,9200134;88,15142877;27,85714286;24,18000031;2,309999943;1
43964,4375;619;63,48173921;28;24,07999992;2,559999943;1
43964,45833;648,7466634;65,34000015;27,4;24,13000012;2,809999943;1
43964,47917;619,8399963;70,63636364;27,55555556;24,18000031;3,339999914;0
43964,5;609,2799988;52,00444455;27,5;24,20500041;3,859999895;1
43964,52083;598,7199707;77,08923105;27,5;24,2300005;3,859999975;1
43964,54167;581,2266744;85,60800018;26,75;24,2550006;4,900000095;0
43964,5625;565,4400024;321,4038042;24;24,28000069;5,916666667;0
43964,58333;579,6000061;297,6552945;25,85714286;24,44999981;5,914000034;1
43964,60417;594,8800049;99,70800095;26;24,60000038;5,409999847;1
43964,625;565;39,5;25,16666667;24,55000019;6,170000076;0
43964,64583;538,8800049;31;24,33333333;24,5;6,120000076;0
43964,66667;501,359993;25,39562728;22,75;24,29333305;6,070000076;0
43964,6875;464,3200073;30;22,5;24,07999992;6,020000076;0
43964,70833;587,1542925;7,5;22;24,13000011;5,970000076;1
43964,72917;742,2400055;1,547035408;23;24,18000031;5,920000076;1
43964,75;827,0933431;4,564005866;22,5;24,2300005;5,409999847;1
43964,77083;821,8666585;7,580976325;22,5;24,31500006;5,23999993;1
43964,79167;772,4799899;10,59794678;22,4;24,39999962;5,070000013;0
43964,8125;694,4914289;13,61491724;22,5;24,29999924;4,900000095;0
43964,83333;664;16,6318877;22,13333333;24,3333327;3,859999955;0
43964,85417;633,9199829;19,64885816;21,76666667;24,36666616;3,755999947;0
43964,875;614,8266805;22,66582862;21,4;24,39999962;3,651999938;0
43964,89583;602,8800049;25,68279908;22;24,34999943;3,54799993;0
43964,91667;611,8399963;28,69976954;22,08333333;24,29999924;3,443999922;1
43964,9375;598,4000244;31,71674;22,16666667;24,2599996;3,339999914;0
43964,95833;579,5199992;34,73371045;22,25;24,21999995;3,214999914;1
43964,97917;576,8533325;37,75068091;22,33333334;24,18000031;3,089999914;1
43965;562,8800049;0;22,41666667;24,13000012;2,964999914;0
43965,02083;559,3599854;0;22,5;24,07999992;2,839999914;1
43965,04167;558,3999939;0;22,58333334;24,05499983;2,939999914;1
43965,0625;566,5066528;0;22,66666667;24,02999973;3,039999914;0
43965,08333;566,7199707;0;22,5;24,00499964;3,139999914;1
43965,10417;571,3599854;0;23;23,97999954;3,239999914;1
43965,125;589,247998;0;23,5;23,87999916;3,339999914;1
43965,14583;579,1039948;0;23;23,85599937;3,599999905;1
43965,16667;568,9599915;64,90341504;22,5;23,83199959;3,859999895;1
43965,1875;565,5466715;67,9203855;22;23,8079998;4,640000105;1
43965,20833;602,8799896;91,5;23,5;23,78400002;5,409999847;1
43965,22917;611,8933411;106;23;23,76000023;5,920000076;1
43965,25;679,004442;108;23,75;23,79333369;6,420000076;1
43965,27083;695,0400085;132;22,5;23,82666715;6,920000076;1
43965,29167;584,5688951;118,8159996;21,5;23,86000061;7,170000076;0
43965,3125;515,8399963;104,0080002;20,91666667;23,76000023;7,37833341;1
43965,33333;507,5199966;110,2024989;20,33333333;23,60999966;7,586666743;1
43965,35417;465,9199982;124,8159992;20,91666667;23,45999908;7,170000076;0
43965,375;459,6800003;114,682665;21,5;23,526666;5,410000006;1
43965,39583;453,4400024;100,4549999;22,66666667;23,59333293;4,120000005;1
43965,41667;536,0399971;119,0100002;27,80952381;23,65999985;4,896666686;1
43965,4375;576,9890969;120,827152;28,57142857;23,86000061;6,420000076;1
43965,45833;619,8400065;137,5199966;26,75;23,81000042;7,670000076;1
43965,47917;631,3600006;140,9022217;25,25;23,76000023;7,926666578;1
43965,5;621,6320068;249,7679985;24;23,8666668;7,723999977;1
43965,52083;624,960022;383,5880005;23,75;23,97333336;8,439999819;1
43965,54167;632,2133382;317,9199953;23,5;24,16166687;8,23599987;1
43965,5625;636,2666829;522,2864488;22,33333333;24,35000038;9,21999979;1
43965,58333;558,4799957;556,9226644;21,5;24,89600029;9,997499943;0
43965,60417;578,4000092;146,2315778;21;25,23999977;8,699999809;1
43965,625;560,8959961;61,25500011;20,4;25,01333364;7,920000076;0
43965,64583;574,0266724;48;20,66666667;24,73999977;7,75333341;1
43965,66667;591,3599854;41;21,5;24,57999992;7,586666743;1
43965,6875;545,4933268;21;21,66666667;24,47999954;7,420000076;0
43965,70833;577,0880005;0;21,5;24,57999992;7,170000076;1
43965,72917;612,7999878;3,366884571;25,21428571;24,68000031;6,920000076;1
43965,75;606,2399902;6,913047372;24,5;24,66333358;6,170000076;1
43965,77083;621,6799927;10,45921017;24,5;24,64666685;5,409999847;1
43965,79167;621,9200134;14,00537297;23,42857143;24,63000012;5,154999971;1
43965,8125;597,7599792;17,55153578;23,71428572;24,61333338;4,900000095;0
43965,83333;681,9491022;21,09769858;24;24,59666665;5,154999971;1
43965,85417;667,7333476;24,64386138;23,7;24,57999992;5,409999847;0
43965,875;605,6000061;28,19002418;23,4;24,47999954;5,920000076;0
43965,89583;597,7599792;31,73618698;23,53333334;24,57999992;5,664999962;0
43965,91667;582,9333496;35,28234978;23,66666667;24,60500002;5,409999847;1
43965,9375;551,4666545;38,82851258;24;24,63000011;5,154999971;0
43965,95833;533,2799988;42,37467538;24,33333334;24,47999954;4,900000095;1
43965,97917;529,4933268;45,92083818;24,66666667;24,37999916;4,640000105;0
43966;542,3999939;0;25;24,34999943;4,380000114;1
43966,02083;552,480011;0;24,86666667;24,3199997;3,859999895;1
43966,04167;546,4533285;0;24,73333333;24,28999996;3,599999905;1
43966,0625;549,2799988;0;24,6;24,26000023;3,339999914;1
43966,08333;549,2799988;0;24,46666666;24,23500014;3,599999905;1
43966,10417;549,2799988;0;24,33333333;24,21000004;3,859999895;1
43966,125;549,9200134;0;23;24,18499994;4,119999965;1
43966,14583;556,4000092;0;22,66666667;24,15999985;4,380000035;1
43966,16667;562,8800049;77,83630339;22,33333333;24,05999947;4,640000105;1
43966,1875;550,9333293;81,3824662;22,04166667;24,00999928;5,409999847;0
43966,20833;570,8800049;88;21,75;23,95999908;5,920000076;1
43966,22917;598,7199969;88,34952864;21,57142857;23,89999962;6,420000076;1
43966,25;606,8000031;90,96011603;21,5;23,84000015;7,170000076;1
43966,27083;651,5657174;93,57070341;21,5;23,73999977;7,75333341;1
43966,29167;637,8400116;98;21,42857143;23,63999939;7,670000076;0
43966,3125;637,7599792;87,5600001;20,33333333;23,68999958;8,43999958;1
43966,33333;618,8800049;113,0199995;20,39285714;23,73999977;9,21999979;0
43966,35417;607,8399963;128,0188222;20,45238095;23,89000034;9,739999771;0
43966,375;598,5066732;148,133333;20,51190476;23,77999973;9,869999886;1
43966,39583;584,6399994;179,3777788;20,57142857;23,81999969;10;0
43966,41667;602,8800049;178,8084203;21,5;23,84499979;10,51000023;1
43966,4375;619,8400269;151,4466648;21,9;23,86999989;10;1
43966,45833;624,480011;169,3142831;24;23,89499998;9,99666659;1
43966,47917;622,1866659;140,2799969;23,33333333;23,92000008;10,50833352;1
43966,5;620,0800018;209,5684814;23,91666667;24,07000065;11,02000046;1
43966,52083;572,7085658;227,5239975;24,5;23,84499979;10,51000023;0
43966,54167;514,7733154;115,8628573;24,5;23,73749995;10,25333341;0
43966,5625;534,0159973;183,0866669;26,33333333;23,63000011;9,99666659;1
43966,58333;583,3599854;126,1679985;27,5;23,6800003;9,739999771;1
43966,60417;594,5599976;112,9415365;26,88888889;23,7300005;9,544999838;1
43966,625;605,7600098;62;26,27777778;23,78000069;9,349999905;1
43966,64583;584,4000092;32;25,66666667;23,94999981;9,154999971;0
43966,66667;575,9200134;20,67537791;25,84444445;24,15999985;8,960000038;1
43966,6875;526,0160034;12;26,02222222;24,10000038;8,43999958;0
43966,70833;526,8800049;3,333333333;26,2;24;8,309999704;1
43966,72917;506,1333211;0,204130471;27,5;23,89999962;8,179999828;0
43966,75;475,8400116;0,634886448;25,8;23,86666616;8,049999952;1
43966,77083;478,8800125;1,065642425;25,9;23,8333327;7,920000076;0
43966,79167;481,9200134;1,496398401;26;23,79999924;7,420000076;1
43966,8125;523,0079956;1,927154378;26,2;23,87499953;6,920000076;1
43966,83333;574,8266602;2,357910355;27,66666667;23,94999981;6,75333341;1
43966,85417;646,0159912;2,788666332;28,5;24,0250001;6,586666743;1
43966,875;630,5066528;3,219422308;28,13333333;24,10000038;6,420000076;0
43966,89583;606,847998;3,650178285;27,76666667;24,06666692;6,25333341;0
43966,91667;562,4000244;4,080934262;27,4;24,03333346;6,086666743;0
43966,9375;562,4000244;4,511690239;27,43333333;24;5,920000076;1
43966,95833;559,8399963;4,942446215;27,46666667;23,98888885;5,792500019;1
43966,97917;559,8399963;5,373202192;27,5;23,97777769;5,664999962;0
43967;558,8800049;0;27,5;23,96666654;5,537499905;1
43967,02083;555,5199788;0;27,6;23,95555539;5,409999847;1
43967,04167;557,6000061;0;27,5;23,94444423;5,282499909;1
43967,0625;555,4400024;0;27,4;23,93333308;5,154999971;0
43967,08333;553,2799988;0;27,3;23,92222193;5,027500033;1
43967,10417;558,8266602;0;27,2;23,91111077;4,900000095;1
43967,125;579,2640015;0;27,1;23,89999962;4,51000005;1
43967,14583;566,3200073;0;27;23,94999981;4,120000005;0
43967,16667;552,960022;9,250005983;26;24;4,25000006;0
43967,1875;552,960022;5,666666667;25;24,00833337;4,380000114;1
43967,20833;585,2000122;5;26;24,01666673;4,640000105;1
43967,22917;585,2000122;60,04869544;26;24,0250001;4,900000095;1
43967,25;579,8000031;87,79250026;25,38461538;24,03333346;5,664999962;1
43967,27083;605,2266642;88,0192597;23,42857143;24,04166683;6,042500019;1
43967,29167;586,6400146;82,68000031;22;24,05000019;6,420000076;0
43967,3125;597,4720032;105,8399998;22,66666667;24,06250024;7,170000076;1
43967,33333;678,1333313;104,7660004;22,5;24,07500029;7,674999952;1
43967,35417;639,1563665;107,8254547;22;24,08750033;8,179999828;0
43967,375;568;106,7671427;20,6;24,10000038;7,75333341;0
43967,39583;558,0000076;98,05185078;19,57142857;23,69666672;8,43999958;1
43967,41667;543,7333272;116,6628549;18,90909091;23,38000011;8,960000038;0
43967,4375;528,6933441;104,8559994;19;22,97999954;9,21999979;0
43967,45833;474,4533386;167,1833334;17;23,2300005;9,479999542;0
43967,47917;451,8399963;160,3279976;16,33333333;23,20500041;10;0
43967,5;446,3999939;110,4159996;17;23,18000031;9,479999542;1
43967,52083;440,9599915;142,8533319;17,5;23,21333377;9,21999979;1
43967,54167;474,4000015;67,57714299;18;23,24666723;8,960000038;1
43967,5625;546,5066528;69;17,91666667;23,28000069;9,063999939;1
43967,58333;577,4933268;54;17,83333333;23,44999981;9,16799984;1
43967,60417;586,6400146;47,83333333;17,75;23,55000019;9,271999741;1
43967,625;554,8799845;58,5;17,66666667;23,65000057;9,375999641;0
43967,64583;544,7999878;49;17,58333333;23,47250033;9,479999542;1
43967,66667;517,3119995;34;17,5;23,29500008;8,960000038;0
43967,6875;544,7999878;24;19,06666667;23,44999981;8,786666552;1
43967,70833;544,1600037;14;19,57777778;23,60000038;8,613333066;1
43967,72917;561,2799927;0;20,08888889;23,70000076;8,43999958;1
43967,75;569,3599854;0,336744434;20,6;23,71714346;7,920000076;1
43967,77083;538,8800049;0,736309352;20;23,73428617;7,670000076;0
43967,79167;530,8800049;1,13587427;19,66666667;23,75142887;7,420000076;1
43967,8125;540,8640137;1,535439188;19,33333333;23,76857158;6,920000076;0
43967,83333;521,4933167;1,935004107;19;23,78571428;6,670000076;0
43967,85417;562,8800049;2,334569025;19,75;23,80285699;6,420000076;1
43967,875;584,960022;2,734133943;20,5;23,81999969;6,25333341;1
43967,89583;595,1200104;3,133698861;20,66666667;23,82714258;6,086666743;1
43967,91667;601,9199829;3,533263779;21;23,83428546;5,920000076;1
43967,9375;611,3600159;3,932828698;21,33333334;23,84142835;5,961666743;1
43967,95833;579,3600159;4,332393616;21,66666667;23,84857123;6,00333341;0
43967,97917;579,3600159;4,731958534;22,08333334;23,85571412;6,045000076;1
43968;563,3600159;0;22,5;23,862857;6,086666743;0
43968,02083;586,8800049;0;23,5;23,86999989;6,12833341;1
43968,04167;569,9199982;0;23,44444444;23,87714277;6,170000076;0
43968,0625;571,840004;0;23,66666667;23,88428566;6,211666743;1
43968,08333;573,7600098;0;24,08333334;23,89142854;6,25333341;1
43968,10417;573,2266642;0;24,5;23,89857143;6,295000076;1
43968,125;573,4400024;0;24,5;23,90571431;6,336666743;1
43968,14583;570,8800049;0;24,5;23,9128572;6,37833341;1
43968,16667;566,8266602;8,328042798;24,5;23,92000008;6,420000076;1
43968,1875;563,1999919;8,727607716;23,91666667;23,86999989;6,920000076;1
43968,20833;566,0799927;9,127172634;23,33333333;23,81999969;7,170000076;1
43968,22917;548,7999878;9,526737552;23,66666666;23,85333315;7,420000076;0
43968,25;561,4400024;5;24;23,88666662;7,920000076;1
43968,27083;611,0399933;83,44571468;24,33333333;23,92000008;8,43999958;1
43968,29167;620,3022325;116,3119995;29,5;23,81999969;8,960000038;1
43968,3125;686,3199997;129,199998;28,7;23,7699995;9,21999979;1
43968,33333;638,5066732;108,6866662;25,89473684;23,71999931;9,479999542;0
43968,35417;564,9777696;113,9115789;22,75;23,60000038;9,824999809;0
43968,375;483,1199951;150,3170355;22;23,70000076;10,17000008;0
43968,39583;526,2720032;108,1242098;23,44444444;23,81999969;10,34000015;1
43968,41667;587,1999919;135,4079987;23,28571429;23,85333315;10,51000023;1
43968,4375;582,8799991;148,4941164;22,5;23,88666662;9,739999771;1
43968,45833;578,5600063;141,0133336;22;23,92000008;9,479999542;1
43968,47917;608,960022;215,932901;21,5;24,02000046;9,737499952;1
43968,5;597,7600098;303,1380005;21;24,23333359;11,19000022;0
43968,52083;559,1200002;262,7760012;20,8;24,39000035;10,27666664;0
43968,54167;537,4933472;446,7133312;23;24,5466671;8,179999828;0
43968,5625;516,6719971;630,9309089;23,25;24,81000042;9,479999781;0
43968,58333;481,9200134;443,0240009;23,5;25,02999973;9,775714193;0
43968,60417;495,3600006;32;23,75;25,10500002;7,926666578;1
43968,625;539,8400269;20,39898348;24;25,18000031;6,420000076;1
43968,64583;533,9200134;6;24,28571428;25,2300005;5,154999971;1
43968,66667;550,7199707;47,66666667;24,57142857;25,28000069;5,409999847;1
43968,6875;593,0514352;19;26;25,2050004;5,920000076;1
43968,70833;593,8133341;0;26,2;25,13000011;5,664999962;1
43968,72917;621,5466512;5;26;25,10857146;5,409999847;1
43968,75;619,8400269;2,287267807;27,66666667;25,0871428;5,262857028;1
43968,77083;608,960022;6,095854349;27,33333333;25,06571415;5,115714209;1
43968,79167;602,9200134;9,904440891;26,66666667;25,0442855;4,96857139;1
43968,8125;596,8800049;13,71302743;26;25,02285685;4,821428571;1
43968,83333;592,7999878;17,52161397;26,11111111;25,00142819;4,674285752;1
43968,85417;613,7600098;21,33020052;26,22222222;24,97999954;4,527142933;1
43968,875;590,8800049;25,13878706;26,33333333;24,87999916;4,380000114;0
43968,89583;560,5333252;28,9473736;26,44444445;24,8199997;4,25000006;0
43968,91667;549,4400024;32,75596014;26,55555556;24,76000023;4,120000005;0
43968,9375;547,8399963;36,56454668;26,66666667;24,72666677;3,98999995;1
43968,95833;554,8800049;40,37313323;26,77777778;24,69333331;3,859999895;1
43968,97917;550,3999939;44,18171977;26,88888889;24,65999985;3,755999899;1
43969;550,8800049;0;27;24,60999966;3,651999903;1
43969,02083;552,3199768;0;27,11111111;24,55999947;3,547999907;1
43969,04167;550,9333293;0;27,22222223;24,53499937;3,44399991;0
43969,0625;546,8800049;0;27,33333334;24,50999928;3,339999914;1
43969,08333;549,7600098;0;27,44444445;24,48499918;3,859999895;1
43969,10417;557,4400024;0;27,55555556;24,45999908;3,339999914;1
43969,125;562,8800049;0;27,74444445;24,41999944;4,120000005;1
43969,14583;549,7600098;0;27,93333334;24,37999979;4,900000095;1
43969,16667;560;78,45899865;28,12222222;24,34000015;5,664999962;1
43969,1875;555,1199951;86;28,31111111;24,23999977;6,420000076;1
43969,20833;597,2571411;62,25;28,5;24,13999939;6,920000076;1
43969,22917;561,5466715;72,20200005;28,5;23,97000027;7,586666743;0
43969,25;594,3999939;58,12235305;27,625;23,68300009;7,920000076;1
43969,27083;534,445731;76,08307706;26,75;23,39599991;8,699999809;0
43969,29167;534,8800049;86,5800004;27;23,15600014;9,21999979;1
43969,3125;496,2133382;72,34222243;25,66666667;23,31799984;9,479999542;0
43969,33333;465,2799988;92,91428521;24;23,47999954;10;0
43969,35417;448;146,7119995;25,5;23,513333;10,34000015;0
43969,375;469,2799988;96,39692277;27;23,54666646;10,85000038;1
43969,39583;582,125715;120,2867066;33,45454545;23,57999992;11,2750001;1
43969,41667;625,4400024;134,1333313;29,2;23,68000031;11,73399982;1
43969,4375;644,7999878;105,445713;28,2;23,78000069;12,03999996;1
43969,45833;646,4000092;160,0266622;25,8;23,89999962;12,38000011;1
43969,47917;618,3999939;186,7714285;25,25;23,79999924;12,97714302;0
43969,5;592,0711127;142,2590466;24,33333333;23,68000031;12,79750013;0
43969,52083;506,5066528;200,2826655;23,8;23,7300005;12,03999996;0
43969,54167;575,4800034;295,4311088;24,33333333;23,78000069;13,05000019;1
43969,5625;614,6399994;378,3625004;25;24,02000046;12,0931251;1
43969,58333;596,2666829;378,6733329;25,55555555;24,30000019;10,81600018;0
43969,60417;613,2266642;89,14500046;26,11111111;24,47999954;10,25500011;1
43969,625;626,8800049;31,5;27,38888889;24,63000011;9,479999542;1
43969,64583;601,874285;36,5;28,66666667;24,57999992;8,699999809;0
43969,66667;556,8000081;27;28,6;24,52999973;8,439999898;0
43969,6875;573,7066752;17;30;24,43499982;8,179999987;1
43969,70833;622,5999985;0;31,67857143;24,33999991;7,920000076;1
43969,72917;631,658665;1,165236632;33,65625;23,3890908;7,670000076;1
43969,75;981,988569;4,794001229;39,375;23,83600044;7,420000076;1
43969,77083;1126,399991;8,422765827;39;24,26000023;7,25333341;1
43969,79167;1094,674299;12,05153042;38,90909091;24,26000023;7,086666743;0
43969,8125;881,0800018;15,68029502;36,45454545;24,26000023;6,920000076;0
43969,83333;710,6742902;19,30905962;35,71428571;24,22666677;6,820000076;0
43969,85417;653,7599854;22,93782422;35,5;24,19333331;6,720000076;0
43969,875;623,0400024;26,56658881;34,42857143;24,15999985;6,620000076;0
43969,89583;576;30,19535341;33,33333333;24,12666639;6,520000076;0
43969,91667;563,8400269;33,82411801;33,5;24,09333293;6,420000076;1
43969,9375;576;37,45288261;33,5;24,05999947;6,586666743;1
43969,95833;572,9600067;41,0816472;32,75;24,05090853;6,75333341;1
43969,97917;569,9200134;44,7104118;32;24,04181758;6,920000076;1
43970;569,8133341;0;31,95238095;24,03272664;6,420000076;1
43970,02083;575,8933512;0;32;24,02363569;5,915000041;1
43970,04167;566,7199707;0;32;24,01454475;5,410000006;1
43970,0625;578,8800049;0;32;24,0054538;4,380000114;0
43970,08333;581,5466715;0;32;23,99636286;4,640000105;1
43970,10417;621,4981745;0;32;23,98727191;4,900000095;1
43970,125;603,776001;0;32;23,97818097;5,664999962;0
43970,14583;578,8800049;0;31;23,96909002;6,670000076;1
43970,16667;571,9199982;77,36929318;30;23,95999908;7,670000076;1
43970,1875;603,8399862;85,26000023;31,25;23,84000015;8,054999828;1
43970,20833;611,3600082;104,0100002;31,63636364;23,78999996;8,43999958;1
43970,22917;633,4933268;110,868;33;23,76499987;8,960000038;1
43970,25;613,8666789;121,1377758;31,66666667;23,73999977;9,739999771;0
43970,27083;620,6079895;125,0133311;32;23,57999992;10,51000023;1
43970,29167;532,373347;131;30;23,42000008;10,25500011;0
43970,3125;469,2266642;114,8900003;29,33333333;23,47000027;10,63750029;0
43970,33333;445,7600098;117,5114277;29,5;23,52000046;11,02000046;0
43970,35417;532,8581793;156,8988217;33,2;23,57000065;11,52999973;1
43970,375;557,8559998;138,8685717;30;23,70666631;11,86999989;1
43970,39583;668,4800049;123,0399984;28;23,92000046;12,01166662;1
43970,41667;553,9600105;142,6066643;27,5;23,68999958;12,15333335;0
43970,4375;516,7999878;148,127998;28,33333334;23,52000046;12,29500008;0
43970,45833;575,4311049;112,395;29,16666667;23,63000012;11,02000014;1
43970,47917;525,2622206;108,0400009;28,83333333;23,73999977;10,37999996;0
43970,5;628,6399994;171,5050004;31;24,0466671;9,739999771;1
43970,52083;575,5377808;151,5492295;31,16666667;24,48857171;10,37999994;0
43970,54167;503,0400085;375,1828541;30,4;24,2699995;11,0200001;0
43970,5625;568,5942819;148,7078257;30,6;24,31999969;9,47999986;1
43970,58333;573,7142857;508,6409986;30;24,52000046;8,9599998;1
43970,60417;644;147,2909086;29,5;24,78999996;9,21999979;1
43970,625;621,6436379;77,02000046;29,75;24,77333323;8,43999958;0
43970,64583;634,5066833;55,83333333;32,875;24,7566665;8,309999704;1
43970,66667;596,8533427;46;30,33333333;24,73999977;8,179999828;0
43970,6875;531,5733337;26;29,4;24,63999939;8,049999952;0
43970,70833;481,9200033;16;28,95;24,47000027;7,920000076;0
43970,72917;456,9599915;0;28,5;24,18666649;7,670000076;1
43970,75;453,9199931;0,908598742;28,4;24,1833334;7,420000076;0
43970,77083;450,8799947;2,049895137;28,5;24,18000031;6,670000076;1
43970,79167;455,1466675;3,191191533;28,5;24,13000012;6,520000076;1
43970,8125;528,352005;4,332487929;28,6;24,07999992;6,370000076;1
43970,83333;618,1333211;5,473784324;29,06666667;24,13000012;6,220000076;1
43970,85417;634,3999939;6,61508072;29,53333333;24,18000031;6,070000076;1
43970,875;619,5999908;7,756377116;30;24,16888916;5,920000076;0
43970,89583;602,8800049;8,897673511;29,45454545;24,157778;5,409999847;0
43970,91667;607,8399963;10,03896991;30;24,14666685;5,024999976;1
43970,9375;601,7199936;11,1802663;29,5;24,13555569;4,640000105;1
43970,95833;595,5999908;12,3215627;29;24,12444454;3,859999895;1
43970,97917;594,3999939;13,46285909;29,5;24,11333338;4,120000005;1
43971;589,7600098;0;29,5;24,10222223;3,729999959;1
43971,02083;594,3999939;0;29,14285714;24,09111107;3,339999914;1
43971,04167;574,7199707;0;28,78571429;24,07999992;3,513333241;0
43971,0625;584,960022;0;28,42857143;24,06333319;3,686666568;1
43971,08333;582,5066528;0;28,19642857;24,04666646;3,859999895;1
43971,10417;592;0;27,96428572;24,02999973;4,25;1
43971,125;583,9200134;0;27,73214286;24,013333;4,640000105;1
43971,14583;589,039978;0;27,5;23,99666627;5,409999847;1
43971,16667;571,8399963;23,73452665;27,42857143;23,97999954;5,920000076;0
43971,1875;572,0800018;26;27,5;23,87999916;6,670000076;1
43971,20833;617,5599899;79;27;23,97999954;7,420000076;1
43971,22917;608,3733419;92;26,75;23,92666626;7,920000076;1
43971,25;638,8800049;69,90400009;26,30357143;23,87333297;8,43999958;1
43971,27083;577,9999924;80,17555576;25,85714286;23,81999969;8,699999809;0
43971,29167;494,3999939;86,39000034;24;23,60999966;8,699999809;0
43971,3125;465,9200134;117,3899994;23;23,55999947;9,21999979;0
43971,33333;465,9200134;95,16200027;23;23,50999927;10;1
43971,35417;465,9200134;104,6416664;23;23,45999908;10,51000023;1
43971,375;458,1333313;125,5866659;22,5;23,34000015;10,76500034;0
43971,39583;464,9599915;138,7076915;22;23,41500044;10,61200027;1
43971,41667;538,0622186;137,141333;22,16666667;23,49000072;10,76500034;1
43971,4375;614,4000244;123,631109;22,33333333;23,57500029;11,02000014;1
43971,45833;628,3200073;132,8676913;21,33333333;23,65999985;11,2750001;1
43971,47917;550,3360046;202,9808678;20,66666667;23,69333331;11,53000005;0
43971,5;477,4400024;250,3105877;20;23,72666677;11,52999997;0
43971,52083;522,0800018;323,1347369;19,73333333;23,76000023;12,54400005;1
43971,54167;574,3200073;349,6892289;19,46666667;23,92000008;12,83428587;1
43971,5625;596,2133382;376,8840774;19,2;24,13000011;12,54750013;1
43971,58333;607,5733439;235,9513046;18,93333334;24,34000015;12,29500008;1
43971,60417;553,1428571;119,6853333;18,66666667;24,5;11,9124999;0
43971,625;582,6399994;72,4;19,14285714;24,55000019;11,52999973;1
43971,64583;616;61,2;19,625;24,60000038;10,76500034;1
43971,66667;608,7999878;37;23;24,55000019;10;1
43971,6875;626,8800049;17;23,66666667;24,5;9,479999542;1
43971,70833;613,2399979;12,65453137;24,33333334;24,39999962;8,960000038;0
43971,72917;573,8971558;0;25;24,5;8,43999958;0
43971,75;664,6857125;2,822219192;24;24,60000038;7,920000076;1
43971,77083;638,4000244;5,849629529;24,5;24,5;7,75333341;0
43971,79167;632;8,877039865;24,66666667;24,39999962;7,586666743;1
43971,8125;621,7600098;11,9044502;25,22222222;24,42499972;7,420000076;1
43971,83333;625,4400024;14,93186054;25,77777778;24,44999981;7,312857219;1
43971,85417;635,8400269;17,95927088;26,33333333;24,47499991;7,205714362;1
43971,875;633,9199829;20,98668121;26,52777777;24,5;7,098571505;1
43971,89583;658,7599869;24,01409155;26,72222222;24,60000038;6,991428648;1
43971,91667;604,2133382;27,04150189;26,91666667;24,5;6,884285791;0
43971,9375;557,7600098;30,06891222;27,11111111;24,39999962;6,777142933;0
43971,95833;550,8800049;33,09632256;27,30555555;24,29999924;6,670000076;1
43971,97917;549,5466512;36,1237329;27,5;24,27571365;6,295000076;1
43972;549,5466512;0;27,66666667;24,25142806;5,920000076;1
43972,02083;560,5333455;0;27,94444445;24,22714247;5,664999962;1
43972,04167;560,5333455;0;28,22222222;24,20285688;5,409999847;1
43972,0625;562,8800049;0;28,5;24,17857129;5,579999924;1
43972,08333;551,8399963;0;28,5;24,1542857;5,75;0
43972,10417;563,5466665;0;28,5;24,13000011;5,920000076;1
43972,125;575,2533366;0;28,5;24,15500021;6,670000076;1
43972,14583;590,5066732;0;27;24,18000031;7,670000076;1
43972,16667;574,506663;63,37042593;24,5;24,02999973;8,95999972;0
43972,1875;552,960022;66,39783627;23;23,87999916;10;1
43972,20833;569,9199829;69,4252466;23,5;23,76000023;10,51000023;1
43972,22917;603,3600006;74;24;23,86000061;11,02000046;1
43972,25;600,7679932;84;28,8;23,71000004;11,52999973;1
43972,27083;690,7022163;85,82176427;29,66666667;23,71000004;11,78499985;1
43972,29167;677,2266541;89,10422243;29;23,71000004;12,03999996;0
43972,3125;650,8399963;95,04000092;25,66666667;23,71000004;12,55000019;0
43972,33333;570,0114397;96,27487998;22,14285714;23,55999947;13,05000019;0
43972,35417;562,6399994;71,57714299;22,57142857;23,58499957;13,30000019;1
43972,375;598,8800049;93,01333364;23;23,60999966;13,71666686;1
43972,39583;619,9466756;105,7866669;22;23,63499976;14,05000019;1
43972,41667;643,8400065;112,1657126;21,5;23,65999985;14,55666669;1
43972,4375;642,8800049;119,3657128;21;23,71000004;14,80999994;1
43972,45833;641,4933268;150,2320007;21,5;23,76000023;15,10666649;1
43972,47917;591,5200119;195,6479975;20;23,65999985;15,40333303;0
43972,5;529,7828456;226,6381798;21,5;23,78000069;14,98000002;1
43972,52083;574,7199707;437,4619957;22,57142857;23,89999962;15,86333317;1
43972,54167;550,3466695;633,9999949;22,42857143;24,10666656;15,75999996;0
43972,5625;529,1733398;613,6436268;23;24,52799988;15,8130769;0
43972,58333;568,1280029;521,9576488;23,5;24,94000053;16,2515385;1
43972,60417;536,8800049;193,6106664;22,5;24,88000011;14,55799999;0
43972,625;541,0400085;51,5;22,33333333;24,53499985;13,05000019;1
43972,64583;509,6000061;45,25856405;22,5;24,31000042;12,80000019;0
43972,66667;514,7733358;36;23,5;24,47999954;12,55000019;1
43972,6875;505,8666687;26;22,2;24,37999916;12,03999996;1
43972,70833;455,3600006;16;22;24,13333384;11,52999973;0
43972,72917;457,1199951;0;21,75;23,81999969;11,02000046;0
43972,75;458,8799896;2,902802564;21,5;23,60000038;10,51000023;1
43972,77083;458,8800049;6,160311675;22;23,44999981;10;1
43972,79167;464;9,417820787;22,66666667;23,17333285;9,479999542;1
43972,8125;458,8800049;12,6753299;22,5;23,16888852;8,699999809;0
43972,83333;473,2799988;15,93283901;23;23,16444418;8,309999943;1
43972,85417;480,9599915;19,19034812;23,5;23,15999985;7,920000076;1
43972,875;537,6319946;22,44785723;24;23,21000004;7,670000076;1
43972,89583;595,6000061;25,70536634;24,33333333;23,26000023;7,420000076;1
43972,91667;602,8800049;28,96287546;24,66666667;23,31000042;7,25333341;1
43972,9375;597,7600098;32,22038457;25;23,47999954;7,086666743;1
43972,95833;617,4933268;35,47789368;26,2;23,63000011;6,920000076;1
43972,97917;581,6960083;38,73540279;28;23,60500002;6,420000076;0
43973;571,9146749;0;26;23,57999992;6,920000076;1
43973,02083;562,1333415;0;24;23,47999954;7,170000076;1
43973,04167;554,8800049;0;23;23,45714242;7,170000076;1
43973,0625;565,7600098;0;22,75;23,4342853;7,170000076;1
43973,08333;552,960022;0;22,5;23,41142818;7,420000076;0
43973,10417;541,7600098;0;22;23,38857105;7,670000076;0
43973,125;548,7999878;0;21,42857143;23,36571393;8,054999828;1
43973,14583;549,2266642;0;21,50793651;23,34285681;8,43999958;1
43973,16667;589,8399963;68,05298479;21,58730159;23,31999969;9,21999979;1
43973,1875;589,8399963;72;21,66666667;23,36000061;10,25500011;1
43973,20833;589,8399963;82;21,33333333;23,26000023;11,02000046;1
43973,22917;582,0159912;71;21,5;23,15999985;11,52999973;1
43973,25;548,8457075;81;21,5;23,10999966;12,29500008;0
43973,27083;529,6640015;81,31085224;19;22,86500025;12,67250013;0
43973,29167;489,4719971;84,18025751;20,55555555;22,60000038;13,05000019;0
43973,3125;451,8399963;87,04966278;22,11111111;22,63333384;13,80000019;0
43973,33333;459,8400116;89,91906806;23,66666667;22,6666673;14,55000019;1
43973,35417;508,6933339;88,52000046;25,22222222;22,70000076;14,30000019;1
43973,375;605,0133362;83,5906719;26,625;22,86999989;15,06999969;1
43973,39583;605,0399933;98,04000092;24,33333333;23,02000046;15,23666636;1
43973,41667;621,7600098;113,0400009;24;23,13999939;15,40333303;1
43973,4375;563,200002;113,4807304;22,5;23,07999993;15,56999969;0
43973,45833;491,4559998;139,0199986;21,33333333;23,02000046;16,09000015;0
43973,47917;502,0835602;225,0472717;21,66666667;23,07000065;16,40200043;1
43973,5;512,7111206;332,4000015;22;23,12000084;16,69666672;1
43973,52083;584,2560059;444,1846173;22,5;23,34000015;16,86999989;1
43973,54167;618,6400146;580,5236373;22,5;23,72000027;16,98818155;1
43973,5625;606,7199707;637,8933309;21;24,18000031;16,35199986;0
43973,58333;618,8800049;659,8281476;20,5;24,65999985;15,31999985;1
43973,60417;608;188,8826655;20;24,97999954;14,55000019;1
43973,625;601,9200134;49;20,1;24,92999935;14,05000019;1
43973,64583;595,8400269;39;20,2;24,87999916;13,55000019;1
43973,66667;561,0880005;29;20,3;24,76000023;12,80000019;0
43973,6875;570,8160034;19;20,4;24,63999939;12,29250002;1
43973,70833;601,0666707;14,31535119;20,5;24,52000046;11,78499985;1
43973,72917;572,3200073;0;21;24,47000027;11,02000046;0
43973,75;581,6319824;2,039017406;21,5;24,42000008;10,51000023;1
43973,77083;615,3599854;4,455232896;22;24,52000046;9,739999771;1
43973,79167;612,3999888;6,871448387;23;24,68000031;8,960000038;1
43973,8125;609,4399922;9,287663878;23,33333334;24,6750002;8,699999809;1
43973,83333;606,4799957;11,70387937;23,66666667;24,67000008;8,43999958;1
43973,85417;603,5199992;14,12009486;24,66666667;24,66499997;8,499999597;1
43973,875;611,8399902;16,53631035;26,07692308;24,65999985;8,559999613;1
43973,89583;613,2266846;18,95252584;25,95652174;24,65499974;8,619999629;1
43973,91667;601,3600006;21,36874133;26;24,64999962;8,679999645;0
43973,9375;592,447998;23,78495682;26,05;24,64499951;8,739999661;1
43973,95833;573,2266642;26,20117231;26,1;24,63999939;8,799999677;0
43973,97917;564,7999878;28,6173878;26,15;24,57999993;8,859999693;1
43974;557,4400024;0;26,2;24,52000046;8,919999709;1
43974,02083;550,7199707;0;26,85;24,42000008;8,979999726;0
43974,04167;561,9199829;0;27,5;24,39499998;9,039999742;0
43974,0625;574,7199707;0;27,5;24,36999989;9,099999758;1
43974,08333;565,3866781;0;27,5;24,34499979;9,159999774;1
43974,10417;537,1733398;0;27,13333333;24,31999969;9,21999979;0
43974,125;545,9199829;0;26,76666667;24,21999931;10;1
43974,14583;537,2799988;0;26,4;24,13499975;10,12750006;1
43974,16667;550,8800049;50,36332722;26,03333334;24,05000019;10,25500011;1
43974,1875;546,7733154;52,77954271;25,66666667;23,89999962;10,38250017;1
43974,20833;543,1466675;55,1957582;24;23,79999924;10,51000023;1
43974,22917;572,3199768;60;24,25;23,84999943;10,43076943;1
43974,25;589,2799988;60,09126467;24,5;23,89999962;10,35153863;1
43974,27083;563,0720093;70;23,5;23,94999981;10,27230784;0
43974,29167;590,7520081;82;24,52777778;24,15000057;10,19307704;1
43974,3125;618,4320068;77,52000046;25,55555556;24,05000019;10,11384624;1
43974,33333;592,4799906;73;24,97777778;23,89999962;10,03461544;0
43974,35417;605,4400024;73,01333364;24,4;23,86666616;9,955384646;1
43974,375;608,0639893;78,02000046;24,55;23,8333327;9,876153848;1
43974,39583;539,4133403;69,66666667;24,7;23,79999924;9,796923051;0
43974,41667;496,0800018;62;24,85;23,63000011;9,717692253;0
43974,4375;460,9066671;52;25;23,36666679;9,638461455;1
43974,45833;549,3120026;49,94414536;27;23,47333336;9,559230658;1
43974,47917;604,3999939;42;27,5;23,73999977;9,47999986;1
43974,5;533,8763677;38,05790646;28,5;23,77199974;8,43999958;0
43974,52083;582,1333211;37,5;29,5;23,80399971;7,920000076;1
43974,54167;580,1599935;38;30,5;23,83599968;7,857500076;1
43974,5625;623,9999913;28;30,5;23,86799965;7,795000076;1
43974,58333;652,25143;13;30,25;23,89999962;7,732500076;1
43974,60417;685,2000046;16,91318977;30;24,10000038;7,670000076;1
43974,625;614,4213298;18;30;24,05000019;7,607500076;0
43974,64583;560,5600128;5;32;23,94999981;7,545000076;0
43974,66667;577,1885812;4;32;23,97142846;7,482500076;1
43974,6875;553,599993;0,013487061;32,75;23,99285712;7,420000076;0
43974,70833;521,8742937;0,439394265;34,5;24,01428577;7,50333341;0
43974,72917;506,0799967;0,865301469;35;24,03571442;7,586666743;0
43974,75;559,5733236;1,291208673;35,66666667;24,05714307;7,670000076;1
43974,77083;594,2400024;1,717115877;36,6;24,07857173;7,75333341;1
43974,79167;615,8933512;2,143023081;36;24,10000038;7,836666743;1
43974,8125;630,8800049;2,568930285;36,25;24,18000031;7,920000076;1
43974,83333;643,9466756;2,994837488;36,5;24,26000023;7,957142898;1
43974,85417;636,6399994;3,420744692;36,6;24,23999977;7,99428572;1
43974,875;603,6000061;3,846651896;36,7;24,21999931;8,031428541;0
43974,89583;578,3999939;4,2725591;36,8;24,13499975;8,068571363;0
43974,91667;561,9199829;4,698466304;36,9;24,05000019;8,105714185;0
43974,9375;567,8399963;5,124373508;37;23,84999943;8,142857007;1
43974,95833;549,7600098;5,550280712;36,5;23,87499953;8,179999828;0
43974,97917;538,8800049;5,976187915;36,33333333;23,89999962;8,21714265;1
43975;561,8133138;0;36,16666667;24;8,254285472;1
43975,02083;580,3200073;0;36;24,10000038;8,291428294;1
43975,04167;550,0799866;0;36,33333333;24;8,328571115;0
43975,0625;545,4399872;0;36,66666667;23,89999962;8,365713937;1
43975,08333;540,7999878;0;37;23,84999943;8,402856759;1
43975,10417;541,9200134;0;36;23,79999924;8,43999958;1
43975,125;555,8399963;0;35,8;23,7599996;8,960000038;0
43975,14583;563,6000061;0;35,6;23,71999995;9,479999542;1
43975,16667;556,8000183;9,80935275;35,4;23,68000031;10;1
43975,1875;542,1866659;10,23525995;35,6;23,61333338;10,76500034;0
43975,20833;548,5866699;7;35,8;23,56749987;11,78499985;1
43975,22917;599,7333374;55,07200012;36;23,52166637;12,03999996;1
43975,25;605,4799957;92,09636376;35,5;23,47583286;12,29500008;1
43975,27083;584,2844374;76,32500029;35;23,42999935;12,55000019;0
43975,29167;494,4000015;78,63749981;34;23,26000023;13,05000019;0
43975,3125;461,7600098;76,52000046;33;23,15999985;13,80000019;0
43975,33333;510,3199997;87,14000034;31;23,08499956;14,55000019;1
43975,35417;518,7999954;120,6879995;30,33333333;23,00999928;14,80999994;1
43975,375;486,8799896;101,0200005;30,5;22,7699995;14,55500007;0
43975,39583;533,4857134;137,1133321;33,4;22,81999969;14,30000019;1
43975,41667;616,0640015;161,5390451;35,5;23,07500029;15,06999969;1
43975,4375;639,3599854;155,511998;34,5;23,34000015;14,55000019;1
43975,45833;633,0880005;179,3999994;34,5;23,44000053;15,57499981;1
43975,47917;582,3418246;185,795556;33,5;23,49000073;15,82999992;0
43975,5;623,4880005;309,1933371;33,33333333;23,54000092;15,65999985;1
43975,52083;621,2799988;458,3999977;31,66666667;23,76000023;15,06999969;1
43975,54167;600;587,1786621;30;24,07999992;15,57499981;0
43975,5625;641,706665;643,7546672;29,4;24,51200027;15,50142833;1
43975,58333;597,4933421;682,1600011;28;24,94000053;15,48999977;0
43975,60417;488,8000031;176,1055988;28,66666667;25,05000019;14,80999994;0
43975,625;458,8800049;85,68000031;29,58333334;25,15999985;14,05000019;1
43975,64583;451,9466654;56,33333333;30,5;24,9399999;13,55000019;1
43975,66667;466,4960022;36;33;24,71999931;13,05000019;1
43975,6875;482,8800049;26;34,33333333;24,65999985;12,29500008;1
43975,70833;476,7999878;16;34,6;24,60000038;11,52999973;1
43975,72917;516,1777683;0;35,05;24,70666695;11,02000046;1
43975,75;555,5555488;5;35,5;24,81333351;10,76500034;1
43975,77083;585,280009;1,77707983;34,75;25,02000046;10,51000023;1
43975,79167;513,0133362;4,492481947;34;24,86999989;10,25500011;0
43975,8125;521,9199982;7,207884064;35;24,65999985;10;1
43975,83333;588,8799896;9,923286181;35,6;24,67333349;9,479999542;1
43975,85417;623,2533366;12,6386883;35,57037037;24,68666712;8,960000038;1
43975,875;617,8133341;15,35409041;35,54074074;24,70000076;8,699999809;1
43975,89583;601,9199829;18,06949253;35,51111111;24,62500048;8,43999958;0
43975,91667;612,7999878;20,78489465;35,48148148;24,55000019;8,179999828;1
43975,9375;609,5199738;23,50029677;35,45185185;24,60000038;7,920000076;1
43975,95833;601,4933268;26,21569888;35,42222222;24,70000076;7,420000076;1
43975,97917;559,4666748;28,931101;35,39259259;24,65000057;7,170000076;1
43976;552,3200073;0;35,36296296;24,60000038;6,920000076;1
43976,02083;558,3199921;0;35,33333333;24,58333365;6,420000076;1
43976,04167;564,3199768;0;36;24,56666692;6,520000076;1
43976,0625;593,2799988;0;35,5;24,55000019;6,620000076;1
43976,08333;567,8399811;0;35;24,53333346;6,720000076;0
43976,10417;542,1866659;0;35,25;24,51666673;6,820000076;1
43976,125;546,8800049;0;35,5;24,5;6,920000076;1
43976,14583;547,8400269;0;35,75;24,44999981;7,420000076;1
43976,16667;553,9199829;53,36972005;36;24,39999962;7,920000076;1
43976,1875;540,7999878;56,08512217;36,25;24,34333325;8,43999958;0
43976,20833;574,3200073;64,14285714;36,5;24,28666687;8,960000038;1
43976,22917;600,0800018;66,875;36,33333333;24,2300005;9,99666659;1
43976,25;620,6800079;74,85285765;40,33333333;24,19250036;11,2750001;1
43976,27083;679,5733236;67,50461484;40,5;24,15500021;12,29500008;1
43976,29167;649,0240112;66,5;38,94736842;24,11750006;13,05000019;0
43976,3125;648,7466634;80,06935945;37,33333333;24,07999992;13,55000019;1
43976,33333;633,3333232;74,5;35,5;24,11333338;14,30000019;0
43976,35417;617,9199829;74,54461553;34;24,14666685;15,06999969;0
43976,375;612,4000092;107,2000008;33;24,18000031;15,82999992;1
43976,39583;615,1466471;120,4622209;34;24,2300005;15,56999969;1
43976,41667;638,5447548;115,5914279;33,33333333;24,28000069;15,82999992;1
43976,4375;661,9428624;129,1844444;33,5;24,32000033;16,09000015;1
43976,45833;646,4000244;90,00444455;34;24,35999998;16,35000038;0
43976,47917;647,4666545;164,3799987;34,125;24,39999962;16,61000061;1
43976,5;648,4266561;225,7711103;34,25;24,44999981;16,60999997;1
43976,52083;630,3999939;129,6571426;34,375;24,5;17,0259999;0
43976,54167;640,8533529;464,4763617;34,5;24,65000057;17,44199982;1
43976,5625;621,2266846;319,0590461;33,75;24,86999989;16,60999997;0
43976,58333;555,0000038;718,6070584;33;25,16000048;17,65;0
43976,60417;478,5066732;162,0319981;33,27777778;25,10999966;17,38999987;0
43976,625;486,1866659;63,00666682;33,55555556;24,95999908;16,09000015;1
43976,64583;494,7200012;40;34,02777778;25,02333291;15,91666667;1
43976,66667;514,9511074;30;34,5;25,08666674;15,74333318;1
43976,6875;538,6239929;20;34,5;24,99000072;15,56999969;1
43976,70833;561,1199951;18,58635097;34,5;24,94000053;15,06999969;1
43976,72917;528,5120056;5;34,5;24,89000034;14,80999994;0
43976,75;515,5199992;1,072551724;34,5;24,73999977;14,55000019;0
43976,77083;522,5600179;4,322708464;35;24,63999939;14,05000019;1
43976,79167;533,4400024;7,572865204;36;24,52000046;13,55000019;1
43976,8125;525,5466715;10,82302194;36,33333333;24,31999969;13,05000019;1
43976,83333;523,8400269;14,07317868;36,66666667;24,05000019;12,55000019;1
43976,85417;568,6399902;17,32333542;37;23,9749999;12,29500008;1
43976,875;570,8800049;20,57349216;36,33333333;23,89999962;12,03999996;1
43976,89583;578,8266703;23,8236489;36,66666667;23,73999977;11,52999973;1
43976,91667;594,3999939;27,07380564;36,33333333;23,57999992;11,02000046;1
43976,9375;575,2319946;30,32396238;35,66666667;23,65500021;10,76500034;0
43976,95833;574,1866659;33,57411912;35;23,7300005;10,51000023;1
43976,97917;564,5866699;36,82427586;35,33333333;23,89999962;9,995000045;1
43977;563,8400269;0;35,66666667;23,8199997;9,47999986;1
43977,02083;578,8800049;0;36;23,73999977;8,43999958;1
43977,04167;564,7999878;0;36,1;23,57999992;8,613333066;0
43977,0625;565,0666707;0;36,2;23,61333338;8,786666552;1
43977,08333;561,4133403;0;36,3;23,64666685;8,960000038;1
43977,10417;557,7600098;0;36,4;23,68000031;9,739999771;0
43977,125;605,3760071;0;36,5;23,78000069;10,51000023;1
43977,14583;572,3200073;0;36,75;23,63000011;11,02000046;0
43977,16667;572,8000183;66,07568652;37;23,47999954;12,03999996;1
43977,1875;586,3200073;72;36,5;23,53999996;13,30000019;1
43977,20833;628,2879883;72,36924858;35,66666667;23,60000038;14,30000019;1
43977,22917;578,4228516;74,45278287;34,5;23,42999935;15,31999969;0
43977,25;499,6800003;76,53631716;33;23,45999956;16,09000015;0
43977,27083;468,7999878;78,61985145;33,25;23,48999977;16,86999989;0
43977,29167;456;80,70338574;33,5;23,51999998;17,25999975;0
43977,3125;518,5066732;84;34;23,55000019;17,64999962;1
43977,33333;578,7428589;85,38668634;33;23,70000076;18,17000008;1
43977,35417;503,542851;88,70588235;30,5;23,60000038;18,69000053;0
43977,375;482,3847576;94;29,33333333;23,65000057;19,20999908;0
43977,39583;461,2266642;80,89000034;29,5;23,70000076;19,4649992;0
43977,41667;461,2266642;121,0400009;29,66666667;23,81999969;19,71999931;1
43977,4375;461,2266642;123,5999565;29,83333333;23,86999989;20,5;1
43977,45833;461,9199982;153,0079987;30;23,92000008;21,06600037;1
43977,47917;450,3999939;247,8545449;31;24,02000046;21,14375043;0
43977,5;450,3999939;380,4072765;30,66666667;24,12000084;21,27285767;1
43977,52083;450,3999939;411,9940694;30,33333333;24,23999977;21,42700043;1
43977,54167;450,3999939;326,001949;30;24,39000034;20,06666629;1
43977,5625;447,5733337;691,7552984;30,5;24,7050004;20,93000031;1
43977,58333;432;591,3493334;30,5;25,1500001;20,75666682;0
43977,60417;444,7999878;205,1200001;30,57142857;25,42000008;19,71999931;1
43977,625;438,3999939;82,34666697;30,64285714;25,51499987;19,4649992;1
43977,64583;450,3999939;59;30,71428571;25,60999966;19,20999908;1
43977,66667;450,8800049;39;30,78571429;25,58499957;18,69000053;1
43977,6875;455,893336;29;30,85714286;25,55999947;17,90999985;1
43977,70833;460,9066671;19;30,92857143;25,45999908;16,86999989;1
43977,72917;486,1866659;0;31;25,13500023;16,09000015;1
43977,75;475,8400024;2,239541146;33;24,47142846;15,82999992;1
43977,77083;514,0114179;4,682676941;34,5;23,94000015;15,56999969;1
43977,79167;610,2981845;7,125812737;34;24,18999958;15,06999969;1
43977,8125;645,6320007;9,568948532;34,5;24,26499987;14,80999994;1
43977,83333;651,7485788;12,01208433;37,5;24,34000015;14,55000019;1
43977,85417;643,9466654;14,45522012;40,5;24,18999958;14,42500019;1
43977,875;626,0480103;16,89835592;37;24,10500002;14,30000019;0
43977,89583;580,8799896;19,34149171;36;24,02000046;14,17500019;0
43977,91667;569,9199829;21,78462751;36,07142857;23,92000008;14,05000019;1
43977,9375;562,4533285;24,2277633;36,14285714;23,86999989;13,80000019;1
43977,95833;552,3200073;26,6708991;36,21428571;23,81999969;13,55000019;1
43977,97917;551,3599854;29,1140349;36,28571429;23,71999931;13,05000019;1
43978;550,3999939;0;36,35714286;23,60000038;12,55000019;1
43978,02083;552,3199768;0;36,42857143;23,5;12,03999996;0
43978,04167;551,3600159;0;36,5;23,65000057;12,09666665;1
43978,0625;546,3999939;0;36,5;23,60000038;12,15333335;1
43978,08333;546,8800049;0;36,5;23,55000019;12,21000004;1
43978,10417;546,3999939;0;36,5;23,5;12,26666673;1
43978,125;550,7199707;0;36,5;23,53333346;12,32333342;1
43978,14583;536;0;36,5;23,56666692;12,38000011;0
43978,16667;550,7199707;51,10225705;36,5;23,60000038;12,43666681;1
43978,1875;539,8400269;53,54539285;36,5;23,62500048;12,4933335;1
43978,20833;555,8399963;55,98852865;36,6;23,65000057;12,55000019;1
43978,22917;562,5599976;58,43166444;38;23,67500067;13,30000019;1
43978,25;625,023999;73,14857156;38,83333333;23,70000076;13,80000019;1
43978,27083;604,319987;90,1066672;39,41666667;23,67500067;14,30000019;0
43978,29167;579,7759888;105,3533332;40;23,65000057;15,31999969;0
43978,3125;627,8400269;86,66666667;39,55555556;23,81999969;15,70499992;1
43978,33333;613,7600098;87,40800018;39,11111111;23,92000008;16,09000015;0
43978,35417;625,2800031;97,71600037;38,66666667;24,02000046;16,78333346;1
43978,375;577,4079956;156,5777757;37,83333334;24,12000084;17,38999939;0
43978,39583;565,5040039;124,8299994;37;24,28999996;17,90999985;0
43978,41667;587,1999919;141,9733313;36;24,44000053;18,17000008;1
43978,4375;546,506663;140,2311096;35;24,61000061;18,94999981;0
43978,45833;478,5920044;179,8666649;34;24,6666673;19,20666631;0
43978,47917;542,0480011;219,4514291;34,6;24,723334;19,37999916;1
43978,5;582,400007;212,2773346;34,5;24,78000069;19,30999947;1
43978,52083;495,5733287;151,6330404;36;24,7300005;17,90999985;0
43978,54167;464,8533325;26;37;24,68000031;14,82200003;0
43978,5625;447,2533366;20;38;24,5199995;11,2750001;0
43978,58333;450,3999939;71,31200027;38,65;24,53999949;11,14750028;1
43978,60417;494,4914289;47,33333333;39,3;24,55999947;11,02000046;1
43978,625;553,9200134;30;40,4;24,65999985;10,51000023;1
43978,64583;520,5485796;41;39;24,81000042;10,40800018;0
43978,66667;541,3600159;51;39;24,68999958;10,30600014;1
43978,6875;494,320015;43,66666667;39;24,42000008;10,20400009;0
43978,70833;462,7200012;13,75;39;24,21999931;10,10200005;0
43978,72917;450,8800049;10;39;24,10000038;10;0
43978,75;458,8800049;0,082818853;38,66666667;24;9,479999542;1
43978,77083;466,8800049;3,470862822;37,83333334;24,15000057;9,405713899;1
43978,79167;520,8228542;6,858906791;37;24,36999989;9,331428255;1
43978,8125;522,3999939;10,24695076;36,9;24,2699995;9,257142612;0
43978,83333;497,4400024;13,63499473;36,8;24,10000038;9,182856968;0
43978,85417;484,8800049;17,0230387;36,7;23,94999981;9,108571325;0
43978,875;472,3200073;20,41108267;36,6;23,96666654;9,034285682;0
43978,89583;472,8000031;23,79912664;36,5;23,98333327;8,960000038;1
43978,91667;504,1199989;27,18717061;36,4;24;8,829999924;1
43978,9375;548,3199768;30,57521458;36,3;23,94999981;8,699999809;1
43978,95833;548,3199768;33,96325855;36,2;23,89999962;8,569999695;0
43978,97917;548,3199768;37,35130251;36,1;23,84999943;8,43999958;1
43979;554,3199921;0;36;23,79999924;8,179999828;1
43979,02083;544,960022;0;35,25;23,87499953;7,920000076;1
43979,04167;575,3600006;0;34,5;23,94999981;7,420000076;1
43979,0625;578,5599976;0;33,91666667;23,93333308;7,670000076;1
43979,08333;566,8800049;0;33,33333333;23,91666635;7,920000076;0
43979,10417;556,3199768;0;32,6372549;23,89999962;8,43999958;1
43979,125;549,7600098;0;31,94117647;23,79999924;8,699999809;1
43979,14583;538,8800049;0;32;23,68000031;8,960000038;1
43979,16667;546,4533285;67,84369824;32;23,64666685;9,479999542;1
43979,1875;545,2799988;71,23174221;32;23,61333338;10;1
43979,20833;592,3199921;78,34666697;32;23,57999992;10,51000023;1
43979,22917;601,3333232;80,02000046;32;23,50499963;11,02000046;1
43979,25;528,4800059;90,04000092;31;23,42999935;11,52999973;0
43979,27083;472,159996;115,7800007;30;23,26000023;12,03999996;0
43979,29167;461,7600098;96,17333349;29,77777778;23,21000004;12,55000019;1
43979,3125;449,9200134;87;29,55555555;23,15999985;12,80000019;0
43979,33333;453,0133362;115,0133336;29,33333333;23,17999993;13,05000019;1
43979,35417;456,1066589;117,0044445;28,66666667;23,2;13,55000019;1
43979,375;451,8399963;109,0266673;28;23,22000008;13,88333352;1
43979,39583;479,8133291;136,7822223;27,83333334;23,24000015;14,55000019;1
43979,41667;507,7866618;133,774117;27,66666667;23,26000023;14,05000019;1
43979,4375;579,6000061;145,8666632;27,83333334;23,36000061;14,55000019;1
43979,45833;627,5999908;168,4142851;28;23,47999954;15,06999969;1
43979,47917;612,8640015;178,2713039;28,08333333;23,57999992;15,06499982;0
43979,5;621,1199951;232,4244436;28,16666667;23,7300005;15,23416642;1
43979,52083;594,7885742;231,0690911;28,25;23,89999962;15,40333303;0
43979,54167;571,5555556;260,0302689;28,875;23,79999924;15,57499981;0
43979,5625;510,5066732;272,5059447;29,5;23,89999962;15,88600006;1
43979,58333;562,9333394;178,6836361;29,33333333;24,05000019;15,61880009;1
43979,60417;543,4880127;89,01333364;29,5;23,94999981;15,35160011;0
43979,625;486,8799973;61;28,33333333;23,79999924;15,08440014;0
43979,64583;456,9599915;45,92353905;27,33333333;23,68000031;14,81720016;0
43979,66667;451,8399963;31;27,5;23,57999992;14,55000019;1
43979,6875;446,7200012;25,25349922;28;23,47999954;14,05000019;1
43979,70833;464,9599915;16;28,5;23,57999992;13,55000019;1
43979,72917;512,3600044;0;30;23,68000031;12,29500008;1
43979,75;546,6239868;0,314675852;30,57142857;23,70500041;11,2750001;1
43979,77083;574,5280029;0,757534752;32,90909091;23,7300005;10,51000023;1
43979,79167;600,8799896;1,200393652;33,57142857;23,57999992;10;1
43979,8125;635,8400024;1,643252553;34,03571429;23,68000031;9,739999771;1
43979,83333;632,480011;2,086111453;34,5;23,78000069;9,479999542;1
43979,85417;651,4285714;2,528970353;34,55555556;23,84000016;9,306666374;1
43979,875;596,0320068;2,971829253;35,33333333;23,89999962;9,133333206;0
43979,89583;572,3200073;3,414688154;35,4;23,73999977;8,960000038;0
43979,91667;547,8399963;3,857547054;35,46666667;23,78999996;8,855999947;0
43979,9375;575,0400024;4,300405954;35,53333333;23,84000015;8,751999855;1
43979,95833;563,8400269;4,743264854;35,6;23,8199997;8,647999763;0
43979,97917;560,480011;5,186123754;35,66666667;23,79999924;8,543999672;1
43980;562,8800049;0;35,44444445;23,68000031;8,43999958;1
43980,02083;562,8800049;0;35,22222222;23,70500041;7,920000076;1
43980,04167;554,8800049;0;35;23,7300005;7,670000076;1
43980,0625;568,6399994;0;34,66666667;23,7550006;7,420000076;1
43980,08333;592,1066691;0;34,33333333;23,78000069;7,920000076;1
43980,10417;575,2533366;0;33,33333333;23,7300005;8,309999943;1
43980,125;579,8399963;0;33,5;23,68000031;8,699999809;1
43980,14583;569,3600006;0;32,96296296;23,57999992;9,21999979;1
43980,16667;550,7199707;9,171853857;32,42592593;23,52999973;9,739999771;1
43980,1875;553,9200134;5;31,88888889;23,47999954;10,76500034;1
43980,20833;565,6000214;6;32,03703704;23,46333281;11,52999973;1
43980,22917;560,960022;5;32,18518518;23,44666608;12,21000004;1
43980,25;610,8800049;82,02000046;32,33333333;23,42999935;12,55000019;1
43980,27083;629,7600098;106,3466665;31,90909091;23,41333262;12,80000019;1
43980,29167;629,1733297;90,75;32;23,39666589;13,05000019;1
43980,3125;564,8914359;95,52000046;30;23,37999916;13,55000019;0
43980,33333;537,3600044;94,20800018;30;23,18000031;13,88333352;0
43980,35417;502,5599899;119,0109086;29,85714286;22,97000027;14,55000019;0
43980,375;457,1733398;140,3384599;28,92307692;22,7699995;14,72333336;0
43980,39583;440,3200073;166;28,77777778;22,63000011;14,89666653;0
43980,41667;456;183,0399933;30;22,81250024;15,31999969;1
43980,4375;548,7359955;181,1885703;30,5;22,99500036;15,56999969;1
43980,45833;638,976001;157,7199993;30,11111111;23,19750031;16,09000015;1
43980,47917;648,3199768;259,3538449;29,72222222;23,40000025;16,61000061;1
43980,5;595,6800028;341,8758608;29,33333333;23,57000065;16,86999989;0
43980,52083;518,6399994;544,6818997;28,66666667;23,62000084;17,64999962;0
43980,54167;472,213328;566,7959988;28;23,78999996;17,64999983;0
43980,5625;547,647998;734,3200018;29,33333333;24,274286;17,12999954;1
43980,58333;515,7333272;687,3533308;28;24,76000023;17,1299998;0
43980,60417;480,3200073;180,7623529;28,11111111;24,92000008;16,60999997;0
43980,625;499,8400065;65;27,77777778;24,71999931;16,09000015;1
43980,64583;480,0800018;50;28,26666667;24,55000019;15,91666667;0
43980,66667;449,9200134;35;28,15384615;24,39999962;15,74333318;0
43980,6875;449,9200134;34,23974943;28,5;24,23999977;15,56999969;1
43980,70833;449,9200134;25;28,5;24,02999973;15,31999969;1
43980,72917;438,7200012;15;29,16666667;23,87999916;15,06999969;0
43980,75;444,8000031;0;29,83333333;23,71000004;14,30000019;1
43980,77083;454,8266703;2,155350657;30,5;23,4533329;13,55000019;1
43980,79167;456,8000031;4,502374965;33,5;23,10666656;13,05000019;0
43980,8125;456,8000031;6,849399274;34,08333334;22,84000015;12,55000019;1
43980,83333;456,8000031;9,196423582;34,66666667;22,63000011;12,03999996;1
43980,85417;493,2479919;11,54344789;36;22,39999962;11,52999973;1
43980,875;596,7085746;14;36,66666667;22,55999947;11,02000046;1
43980,89583;662,5066596;0;36,4;22,78000069;10,76500034;1
43980,91667;603,2000122;1,138401559;36,5;22,89999962;10,51000023;0
43980,9375;588,9066772;3,009746589;36,54545455;23,05000019;10,25500011;0
43980,95833;559,8399963;4,881091618;36,91919192;23,03333346;10;0
43980,97917;564,7999878;6,752436647;37,2929293;23,01666673;9,479999542;1
43981;570,4000244;0;37,66666667;23;9,583999634;1
43981,02083;564,5866903;0;36,5;23,10000038;9,687999725;1
43981,04167;568;0;34,5;23,15000057;9,791999817;1
43981,0625;573,2266642;0;33,33333333;23,20000076;9,895999908;0
43981,08333;554,8800049;0;33,55555555;23,15000057;10;1
43981,10417;569,8133138;0;33,77777778;23,10000038;10,25500011;1
43981,125;564,1599935;0;34;23,05000019;10,51000023;1
43981,14583;569,9199829;0;34,5;23;10,76500034;1
43981,16667;612,3733317;47,33333333;35;23,07500029;11,02000046;1
43981,1875;622,4457136;79;35,5;23,15000057;11,52999973;1
43981,20833;630,4800034;74;35,33333333;23,36999989;11,78499985;1
43981,22917;636,8711005;84;35,8;23,49666659;12,03999996;1
43981,25;582,6559937;105,3333333;36,66666667;23,38833316;12,80000019;0
43981,27083;562,2399979;122,6666667;36;23,27999973;13,30000019;0
43981,29167;546,8444451;141;37,5;23,05333328;13,80000019;0
43981,3125;497,4719971;154,1493306;37,5;22,33428574;14,80999994;0
43981,33333;489,7745472;127,8096005;35,7;21,81999969;15,74333318;1
43981,35417;489,7745472;133,6311086;35,5;21,80000019;15,91666667;1
43981,375;446,7200012;109,9684203;34,33333333;22,07999992;16,61000061;0
43981,39583;446,7200012;111,3028562;33,86666667;22,42000008;17,12999916;1
43981,41667;446,7200012;111,0400009;33,4;22,45333354;17,64999962;0
43981,4375;440,3200073;98,8824097;31,95652174;22,486667;17,90999985;1
43981,45833;460,7999878;132,7371412;32;22,52000046;18,17000008;1
43981,47917;455,3600006;247,6509066;33;22,42999935;18,03999996;1
43981,5;448,9599915;347,8400065;31,93333333;22,64000034;17,90999985;1
43981,52083;438,7200012;449,1345437;32;22,88000011;17,77999973;1
43981,54167;438,7200012;579,8079895;30,33333333;23,15999985;17,64999962;1
43981,5625;438,7200012;704,6933339;30,5;23,47333336;17,38999939;1
43981,58333;443,8400116;722,1631982;30,3125;23,73999977;17,12999916;1
43981,60417;451,8399963;251,6378941;30,125;23,49500012;16,61000061;1
43981,625;467,8399963;51;30,57142857;22,8799998;16,09000015;1
43981,64583;508,799998;36;30,55357143;23,18000031;15,56999969;1
43981,66667;474,8800049;35,43861251;30,53571428;23,16666667;15,06999969;0
43981,6875;485,7600098;26;30,51785714;23,15333303;14,55000019;1
43981,70833;468,2666626;16;30,5;23,13999939;14,05000019;1
43981,72917;500,4000015;3,333333333;30,91071428;23,02000046;13,55000019;0
43981,75;502,3999939;0,172070481;31,32142857;22,86999989;12,80000019;1
43981,77083;518,3999939;0,848330015;31,73214286;22,7949996;12,03999996;1
43981,79167;533,1199951;1,524589548;32,14285714;22,71999931;11,52999973;1
43981,8125;539,2000122;2,200849081;31,95652174;22,75333277;11,02000046;1
43981,83333;545,4933268;2,877108615;32;22,78666623;10,51000023;1
43981,85417;526,8799973;3,553368148;32,01666667;22,81999969;10;0
43981,875;496,8319946;4,229627682;32,03333333;22,65999985;9,479999542;1
43981,89583;458,3999939;4,905887215;32,05;22,43999958;9,21999979;0
43981,91667;458,219995;5,582146748;32,06666667;22,23999977;8,960000038;1
43981,9375;458,0399961;6,258406282;32,44285715;22,13999939;8,786666552;1
43981,95833;457,8599972;6,934665815;32,81904762;21,97000027;8,613333066;1
43981,97917;457,6799983;7,610925348;33,1952381;21,81999969;8,43999958;1
43982;457,4999994;0;33,57142857;21,71999931;8,266666412;1
43982,02083;457,3200005;0;33,8452381;21,67999967;8,093333244;1
43982,04167;457,1400016;10;34,11904762;21,64000002;7,920000076;1
43982,0625;456,9600067;23,33333333;34,39285715;21,60000038;8,179999987;1
43982,08333;456,9480417;0;34,66666667;21,5;8,439999898;1
43982,10417;456,9360767;30;34,5;21,60000038;8,699999809;1
43982,125;456,9241117;40;35,5;21,36499977;9,479999542;1
43982,14583;456,9121467;50;35,54545455;21,44000053;10,25500011;1
43982,16667;456,9001817;60;35,5;21,46500063;11,53000005;1
43982,1875;456,8882167;70;35,5;21,49000072;12,55000019;1
43982,20833;456,8762517;71,67286722;36,5;21,51500082;13,30000019;1
43982,22917;456,8642867;73,98203977;36,33333333;21,54000092;14,55666669;1
43982,25;456,8533223;76,29121232;36,4;21,65999985;15,56999969;0
43982,27083;449,9199982;80;36,45454545;21,76000023;16,35000038;1
43982,29167;450,4533386;77,04788341;36,16666667;21,82999993;17,38999939;1
43982,3125;457,9200134;73;34,5;21,89999962;18,17000008;1
43982,33333;457,9200134;80,16790813;33,96428572;22,05000019;18,69000053;0
43982,35417;457,9200134;82,96120422;33,42857143;22,26000023;18,94999981;0
43982,375;446,7200012;88;32,75;22,08666674;19,20999908;0
43982,39583;456,9599915;98;32,34782609;22,02999973;19,54999924;1
43982,41667;445,7600098;98;32;21,92999935;19,8949995;1
43982,4375;453,8666789;99,85401166;30,52631579;21,92000008;20,23999977;0
43982,45833;453,8666789;138,4457136;30,17857143;22,07999992;20,36999989;1
43982,47917;453,8666789;244,2666651;30,28571429;22,2300005;20,5;1
43982,5;446,7200012;347,1999969;29,76470588;22,57000017;20,76000023;0
43982,52083;452,4800008;446,2399994;29,36363636;23,09199982;21,27000046;1
43982,54167;454,186676;576,506663;29,4;23,68000031;20,93000031;1
43982,5625;454,186676;712,5066732;28,5;24,2840004;21,10000038;0
43982,58333;434,3999939;699,2457101;27,17391304;24,84399986;20,5;1
43982,60417;434,3999939;253,786664;25,87096774;24,94000053;19,9824996;1
43982,625;434,3999939;46;25,45833333;24,71333313;19,4649992;0
43982,64583;444,8000031;44,21954485;26,05263158;24,37333361;19,07749987;1
43982,66667;458,8800049;36;27,57142857;24,05999947;18,69000053;1
43982,6875;463,5199966;26;28;23,71999995;18,17000008;1
43982,70833;466,3999939;16;28,6;23,65000057;17,38999939;1
43982,72917;454,8799896;3,333333333;29,5;23,39999962;16,61000061;0
43982,75;449,9200134;0;29;23,5;16,09000015;1
43982,77083;457,3400097;0;28,5;23,60000038;15,31999969;1
43982,79167;464,760006;0;28;23,5;14,55000019;0
43982,8125;472,1800023;0;28,25;23,39999962;14,05000019;1
43982,83333;479,5999985;0;28,5;23,29999924;13,55000019;1
43982,85417;468,799998;0;28,625;23,18000031;13,05000019;0
43982,875;456,213328;0;28,75;23,10500002;12,80000019;0
43982,89583;463,4666646;0;28,875;23,02999973;12,55000019;1
43982,91667;470,7200012;0;29;22,95499945;12,03999996;1
43982,9375;457,9200134;0;28;22,87999916;11,52999973;0
43982,95833;457,9200134;0;28;23,02999973;11,52999973;1
43982,97917;457,9200134;0;28;22,97999954;11,52999973;1
;;yellow = interpolation;;;;0
;;Assumption:;;;;The right occupancy pred:
;;Light is not used between the hrs 00:00 - 04:30;;;;False prediction count:
;;red = wait and check with Supriya;;;;Right guess (accuracy)