datetime,value
2020-05-01 01:36:50,24.2199993133545
2020-05-01 06:04:51,24.3199996948242
2020-05-01 10:03:49,24.4200000762939
2020-05-01 12:41:55,24.2800006866455
2020-05-01 16:25:53,24.1800003051758
2020-05-01 17:06:45,24.0799999237061
2020-05-01 17:34:36,24.1800003051758
2020-05-01 17:39:36,24.2999992370605
2020-05-01 18:16:37,24.1800003051758
2020-05-01 18:43:38,24.2800006866455
2020-05-01 18:48:38,24.1800003051758
2020-05-01 19:32:40,24.2800006866455
2020-05-01 20:37:43,24.3999996185303
2020-05-01 21:13:54,24.5
2020-05-01 22:37:57,24.3999996185303
2020-05-01 23:10:09,24.2999992370605
2020-05-02 02:45:17,24.1800003051758
2020-05-02 04:41:41,24.0799999237061
2020-05-02 04:59:42,23.9799995422363
2020-05-02 07:17:17,23.8799991607666
2020-05-02 07:39:18,23.7600002288818
2020-05-02 08:05:19,23.6599998474121
2020-05-02 08:27:19,23.5599994659424
2020-05-02 10:29:15,23.6599998474121
2020-05-02 10:33:15,23.7600002288818
2020-05-02 11:11:16,23.6599998474121
2020-05-02 11:34:17,23.5400009155273
2020-05-02 11:35:47,23.4400005340576
2020-05-02 11:59:48,23.5400009155273
2020-05-02 12:06:48,23.4400005340576
2020-05-02 12:22:49,23.3199996948242
2020-05-02 13:04:30,23.4200000762939
2020-05-02 13:14:31,23.5200004577637
2020-05-02 13:39:32,23.4200000762939
2020-05-02 13:51:32,23.5200004577637
2020-05-02 13:59:32,23.6200008392334
2020-05-02 14:08:33,23.7600002288818
2020-05-02 14:16:33,23.8600006103516
2020-05-02 14:28:04,23.9799995422363
2020-05-02 16:01:57,23.8799991607666
2020-05-02 16:20:58,23.7600002288818
2020-05-02 16:46:59,23.8600006103516
2020-05-02 16:53:59,23.9799995422363
2020-05-02 16:59:49,24.1000003814697
2020-05-02 17:05:49,24.2000007629395
2020-05-02 17:09:19,24.3199996948242
2020-05-02 17:21:20,24.2000007629395
2020-05-02 17:23:20,24.1000003814697
2020-05-02 17:25:30,24.0
2020-05-02 17:26:50,23.8999996185303
2020-05-02 17:28:50,23.7600002288818
2020-05-02 17:30:30,23.6599998474121
2020-05-02 17:32:30,23.5
2020-05-02 17:34:30,23.3600006103516
2020-05-02 17:36:30,23.2600002288818
2020-05-02 17:47:31,23.1599998474121
2020-05-02 17:53:51,23.0599994659424
2020-05-02 17:56:51,22.9599990844727
2020-05-02 18:05:52,23.0599994659424
2020-05-02 18:11:52,23.1599998474121
2020-05-02 18:17:42,23.2800006866455
2020-05-02 18:35:43,23.4200000762939
2020-05-02 18:56:03,23.5200004577637
2020-05-02 19:12:04,23.6200008392334
2020-05-02 21:42:20,23.5200004577637
2020-05-03 05:22:08,23.4200000762939
2020-05-03 06:54:01,23.3199996948242
2020-05-03 07:09:31,23.4200000762939
2020-05-03 07:11:01,23.5200004577637
2020-05-03 07:20:02,23.4200000762939
2020-05-03 07:26:02,23.3199996948242
2020-05-03 07:35:32,23.2199993133545
2020-05-03 08:00:33,23.1000003814697
2020-05-03 08:08:54,22.9799995422363
2020-05-03 08:18:54,23.1000003814697
2020-05-03 08:24:54,23.2000007629395
2020-05-03 08:36:25,23.3199996948242
2020-05-03 08:51:25,23.4200000762939
2020-05-03 09:18:46,23.5200004577637
2020-05-03 09:38:47,23.6200008392334
2020-05-03 10:01:48,23.5200004577637
2020-05-03 10:23:49,23.4200000762939
2020-05-03 10:51:50,23.5200004577637
2020-05-03 11:12:51,23.6200008392334
2020-05-03 11:43:22,23.7399997711182
2020-05-03 12:53:25,23.6399993896484
2020-05-03 13:39:16,23.7399997711182
2020-05-03 14:50:19,23.8400001525879
2020-05-03 15:01:20,23.9599990844727
2020-05-03 15:13:20,24.0599994659424
2020-05-03 15:26:21,24.1599998474121
2020-05-03 15:47:21,24.2600002288818
2020-05-03 19:04:19,24.1599998474121
2020-05-03 19:36:20,24.0599994659424
2020-05-03 20:11:22,24.1599998474121
2020-05-03 21:16:24,24.0599994659424
2020-05-04 04:27:21,23.9599990844727
2020-05-04 05:18:53,23.8400001525879
2020-05-04 07:30:58,23.9400005340576
2020-05-04 10:24:55,24.0400009155273
2020-05-04 10:40:45,24.1599998474121
2020-05-04 10:58:46,24.2600002288818
2020-05-04 11:11:16,24.3600006103516
2020-05-04 11:24:07,24.4799995422363
2020-05-04 12:15:59,24.3799991607666
2020-05-04 14:14:53,24.4799995422363
2020-05-04 14:39:54,24.5799999237061
2020-05-04 14:58:55,24.4799995422363
2020-05-04 15:32:56,24.5799999237061
2020-05-04 15:50:57,24.4799995422363
2020-05-04 16:03:58,24.3799991607666
2020-05-04 16:39:09,24.2600002288818
2020-05-04 16:55:10,24.3600006103516
2020-05-04 17:05:10,24.4799995422363
2020-05-04 17:12:00,24.5799999237061
2020-05-04 17:22:01,24.6800003051758
2020-05-04 17:46:31,24.7800006866455
2020-05-04 17:52:02,24.8999996185303
2020-05-04 18:12:02,24.7999992370605
2020-05-04 19:04:44,24.6800003051758
2020-05-04 19:39:46,24.5799999237061
2020-05-04 21:22:40,24.6800003051758
2020-05-04 21:49:41,24.5799999237061
2020-05-04 23:05:14,24.4799995422363
2020-05-05 01:12:19,24.3799991607666
2020-05-05 01:56:01,24.2600002288818
2020-05-05 03:35:04,24.1599998474121
2020-05-05 05:03:58,24.2600002288818
2020-05-05 07:04:03,24.1599998474121
2020-05-05 07:22:03,24.0599994659424
2020-05-05 07:48:04,23.9599990844727
2020-05-05 08:05:05,24.0599994659424
2020-05-05 11:37:03,23.9599990844727
2020-05-05 11:51:04,23.8400001525879
2020-05-05 12:06:05,23.7399997711182
2020-05-05 13:07:47,23.8400001525879
2020-05-05 14:47:21,23.9400005340576
2020-05-05 15:09:22,24.0400009155273
2020-05-05 16:16:44,23.9400005340576
2020-05-05 16:27:35,23.8400001525879
2020-05-05 16:43:35,23.7399997711182
2020-05-05 16:53:46,23.6399993896484
2020-05-05 17:55:48,23.7399997711182
2020-05-05 18:13:49,23.6399993896484
2020-05-05 18:30:50,23.5200004577637
2020-05-05 18:49:30,23.4200000762939
2020-05-05 20:26:34,23.5200004577637
2020-05-05 20:46:35,23.6399993896484
2020-05-05 21:18:36,23.5200004577637
2020-05-05 23:44:31,23.6200008392334
2020-05-06 06:42:08,23.5200004577637
2020-05-06 07:55:50,23.4200000762939
2020-05-06 09:27:54,23.5400009155273
2020-05-06 11:42:49,23.6599998474121
2020-05-06 12:30:51,23.7600002288818
2020-05-06 12:53:52,23.8600006103516
2020-05-06 13:04:22,23.9799995422363
2020-05-06 13:14:22,24.0799999237061
2020-05-06 13:32:13,24.1800003051758
2020-05-06 15:00:06,24.0799999237061
2020-05-06 15:24:07,23.9799995422363
2020-05-06 15:35:07,24.0799999237061
2020-05-06 16:58:11,24.1800003051758
2020-05-06 17:26:12,24.2800006866455
2020-05-06 18:09:43,24.1800003051758
2020-05-06 18:32:44,24.0799999237061
2020-05-06 20:37:39,24.1800003051758
2020-05-06 21:13:40,24.2800006866455
2020-05-06 21:45:12,24.1800003051758
2020-05-06 22:00:12,24.0799999237061
2020-05-07 00:20:07,23.9799995422363
2020-05-07 05:31:09,24.1000003814697
2020-05-07 05:57:11,24.0
2020-05-07 06:09:11,23.8999996185303
2020-05-07 06:14:02,23.7999992370605
2020-05-07 08:59:58,23.8999996185303
2020-05-07 09:09:58,23.7999992370605
2020-05-07 09:34:29,23.6800003051758
2020-05-07 10:24:31,23.5799999237061
2020-05-07 12:28:56,23.6800003051758
2020-05-07 12:49:57,23.5799999237061
2020-05-07 13:04:57,23.4799995422363
2020-05-07 15:24:02,23.5799999237061
2020-05-07 16:00:04,23.4799995422363
2020-05-07 16:18:04,23.3799991607666
2020-05-07 16:28:05,23.4799995422363
2020-05-07 18:19:59,23.5799999237061
2020-05-07 19:10:01,23.6800003051758
2020-05-07 19:30:02,23.7800006866455
2020-05-07 19:54:32,23.8999996185303
2020-05-07 20:26:33,23.7999992370605
2020-05-08 05:27:54,23.6800003051758
2020-05-08 05:32:54,23.5799999237061
2020-05-08 05:40:35,23.4799995422363
2020-05-08 05:51:35,23.5799999237061
2020-05-08 07:48:40,23.6800003051758
2020-05-08 08:20:21,23.7800006866455
2020-05-08 08:42:22,23.8999996185303
2020-05-08 09:11:23,24.0
2020-05-08 09:32:54,24.1000003814697
2020-05-08 10:35:56,23.9799995422363
2020-05-08 10:45:06,23.8799991607666
2020-05-08 11:04:07,23.7600002288818
2020-05-08 11:38:18,23.6599998474121
2020-05-08 12:52:21,23.7600002288818
2020-05-08 12:59:21,23.8600006103516
2020-05-08 13:26:52,23.9799995422363
2020-05-08 13:50:53,24.0799999237061
2020-05-08 14:01:23,24.1800003051758
2020-05-08 14:14:23,24.2800006866455
2020-05-08 15:11:36,24.1800003051758
2020-05-08 15:38:37,24.0799999237061
2020-05-08 15:59:37,23.9799995422363
2020-05-08 16:18:38,23.8799991607666
2020-05-08 16:44:39,23.7600002288818
2020-05-08 16:55:40,23.8600006103516
2020-05-08 17:06:40,23.9799995422363
2020-05-08 17:24:41,24.0799999237061
2020-05-08 18:00:52,23.9799995422363
2020-05-08 18:25:53,23.8799991607666
2020-05-08 18:32:53,23.7600002288818
2020-05-08 18:47:54,23.6599998474121
2020-05-08 19:19:55,23.5599994659424
2020-05-08 19:39:55,23.4599990844727
2020-05-08 20:08:57,23.5599994659424
2020-05-08 20:49:58,23.6599998474121
2020-05-08 21:24:09,23.5599994659424
2020-05-08 21:41:10,23.4599990844727
2020-05-08 22:08:11,23.3400001525879
2020-05-08 22:45:13,23.4400005340576
2020-05-08 23:12:14,23.5400009155273
2020-05-09 00:27:07,23.6599998474121
2020-05-09 03:01:42,23.7600002288818
2020-05-09 03:10:43,23.6599998474121
2020-05-09 05:20:38,23.5599994659424
2020-05-09 06:26:40,23.6599998474121
2020-05-09 06:41:41,23.5599994659424
2020-05-09 06:49:11,23.4599990844727
2020-05-09 07:14:12,23.5599994659424
2020-05-09 07:51:13,23.6599998474121
2020-05-09 08:01:14,23.7800006866455
2020-05-09 08:07:14,23.6599998474121
2020-05-09 08:12:14,23.5599994659424
2020-05-09 08:23:25,23.4400005340576
2020-05-09 08:47:26,23.3400001525879
2020-05-09 09:11:27,23.4400005340576
2020-05-09 09:21:27,23.5400009155273
2020-05-09 09:34:27,23.6599998474121
2020-05-09 09:56:38,23.7600002288818
2020-05-09 11:42:42,23.6599998474121
2020-05-09 11:49:42,23.5599994659424
2020-05-09 12:34:24,23.6599998474121
2020-05-09 12:47:54,23.7600002288818
2020-05-09 13:02:55,23.8600006103516
2020-05-09 13:12:55,23.9799995422363
2020-05-09 13:18:55,24.0799999237061
2020-05-09 13:26:56,24.1800003051758
2020-05-09 13:34:56,24.2800006866455
2020-05-09 13:51:26,24.3999996185303
2020-05-09 14:00:27,24.5
2020-05-09 14:04:27,24.6000003814697
2020-05-09 14:12:27,24.7000007629395
2020-05-09 14:20:27,24.8199996948242
2020-05-09 14:35:58,24.9200000762939
2020-05-09 15:17:00,24.8199996948242
2020-05-09 15:25:40,24.7000007629395
2020-05-09 15:27:40,24.5799999237061
2020-05-09 15:30:10,24.4599990844727
2020-05-09 15:33:10,24.3400001525879
2020-05-09 15:36:00,24.1599998474121
2020-05-09 15:55:31,24.0599994659424
2020-05-09 16:07:32,23.9599990844727
2020-05-09 17:14:24,23.8400001525879
2020-05-09 17:57:26,23.9400005340576
2020-05-09 18:22:27,23.8400001525879
2020-05-09 18:53:28,23.9400005340576
2020-05-09 19:36:30,24.0400009155273
2020-05-09 20:07:11,24.1599998474121
2020-05-09 21:24:14,24.2600002288818
2020-05-09 22:02:15,24.3600006103516
2020-05-09 22:34:17,24.2600002288818
2020-05-09 23:08:18,24.1599998474121
2020-05-10 02:42:16,24.0599994659424
2020-05-10 05:29:12,23.9599990844727
2020-05-10 05:40:03,23.8400001525879
2020-05-10 06:52:06,23.7399997711182
2020-05-10 06:59:06,23.6399993896484
2020-05-10 08:12:58,23.5200004577637
2020-05-10 08:21:59,23.3999996185303
2020-05-10 08:22:49,23.2600002288818
2020-05-10 08:23:49,23.1200008392334
2020-05-10 08:24:59,22.9200000762939
2020-05-10 08:26:59,22.7399997711182
2020-05-10 08:28:59,22.5799999237061
2020-05-10 08:30:59,22.4200000762939
2020-05-10 08:32:19,22.2600002288818
2020-05-10 08:32:49,22.1599998474121
2020-05-10 08:33:49,22.0
2020-05-10 08:34:59,21.8999996185303
2020-05-10 08:36:59,21.7800006866455
2020-05-10 08:38:19,21.6399993896484
2020-05-10 08:40:19,21.4799995422363
2020-05-10 08:41:49,21.3199996948242
2020-05-10 08:43:49,21.2000007629395
2020-05-10 08:45:30,21.0799999237061
2020-05-10 08:47:30,21.1800003051758
2020-05-10 08:48:30,21.2800006866455
2020-05-10 08:51:30,21.4200000762939
2020-05-10 08:53:30,21.5200004577637
2020-05-10 08:56:30,21.6800003051758
2020-05-10 08:59:00,21.7999992370605
2020-05-10 09:03:00,21.8999996185303
2020-05-10 09:20:01,21.7800006866455
2020-05-10 09:22:31,21.6399993896484
2020-05-10 09:28:31,21.7399997711182
2020-05-10 09:30:31,21.8600006103516
2020-05-10 09:32:51,21.9799995422363
2020-05-10 09:34:51,22.0799999237061
2020-05-10 09:37:31,22.2199993133545
2020-05-10 09:40:02,22.3400001525879
2020-05-10 09:43:02,22.4599990844727
2020-05-10 09:49:02,22.5599994659424
2020-05-10 09:55:02,22.6599998474121
2020-05-10 10:00:22,22.7600002288818
2020-05-10 10:09:23,22.8600006103516
2020-05-10 10:19:33,22.9799995422363
2020-05-10 10:29:33,23.0799999237061
2020-05-10 10:56:44,23.1800003051758
2020-05-10 11:16:45,23.2800006866455
2020-05-10 11:28:36,23.3999996185303
2020-05-10 11:34:36,23.5
2020-05-10 11:48:36,23.3999996185303
2020-05-10 12:20:38,23.5
2020-05-10 13:12:29,23.6000003814697
2020-05-10 14:59:34,23.7000007629395
2020-05-10 15:35:45,23.8199996948242
2020-05-10 15:46:45,23.9200000762939
2020-05-10 17:20:39,24.0200004577637
2020-05-10 17:38:40,24.1200008392334
2020-05-10 18:00:00,24.2399997711182
2020-05-10 19:13:03,24.1399993896484
2020-05-10 19:33:04,24.0200004577637
2020-05-10 19:54:25,23.9200000762939
2020-05-10 20:01:25,23.8199996948242
2020-05-10 20:51:17,23.9200000762939
2020-05-11 01:51:18,23.8199996948242
2020-05-11 02:44:20,23.7199993133545
2020-05-11 03:15:22,23.6000003814697
2020-05-11 04:43:25,23.7000007629395
2020-05-11 05:06:26,23.6000003814697
2020-05-11 05:32:27,23.7000007629395
2020-05-11 06:53:20,23.8199996948242
2020-05-11 07:24:51,23.9400005340576
2020-05-11 07:35:52,23.8400001525879
2020-05-11 07:43:52,23.7399997711182
2020-05-11 08:26:14,23.6399993896484
2020-05-11 09:29:06,23.7399997711182
2020-05-11 10:05:08,23.6399993896484
2020-05-11 10:26:08,23.5200004577637
2020-05-11 11:50:12,23.6200008392334
2020-05-11 12:01:52,23.7399997711182
2020-05-11 12:55:54,23.8400001525879
2020-05-11 13:22:15,23.9400005340576
2020-05-11 13:41:06,24.0400009155273
2020-05-11 14:05:57,24.1599998474121
2020-05-11 14:34:58,24.2600002288818
2020-05-11 15:56:12,24.3799991607666
2020-05-11 16:14:12,24.4799995422363
2020-05-11 19:12:58,24.5799999237061
2020-05-11 19:58:00,24.6800003051758
2020-05-11 21:25:53,24.5799999237061
2020-05-11 22:12:55,24.4799995422363
2020-05-11 22:52:57,24.3799991607666
2020-05-12 01:11:32,24.2600002288818
2020-05-12 03:33:27,24.1599998474121
2020-05-12 04:01:48,24.0599994659424
2020-05-12 04:44:40,23.9599990844727
2020-05-12 05:32:12,23.8400001525879
2020-05-12 06:07:03,23.7399997711182
2020-05-12 06:45:04,23.8400001525879
2020-05-12 07:14:56,23.7399997711182
2020-05-12 07:28:56,23.6399993896484
2020-05-12 07:53:57,23.5200004577637
2020-05-12 08:24:58,23.4200000762939
2020-05-12 08:58:49,23.3199996948242
2020-05-12 09:53:42,23.4200000762939
2020-05-12 09:57:42,23.5200004577637
2020-05-12 10:03:32,23.6200008392334
2020-05-12 10:22:33,23.7399997711182
2020-05-12 10:33:33,23.8400001525879
2020-05-12 11:24:35,23.7399997711182
2020-05-12 11:36:36,23.6399993896484
2020-05-12 12:04:46,23.5200004577637
2020-05-12 13:20:49,23.6200008392334
2020-05-12 13:28:50,23.7399997711182
2020-05-12 13:39:50,23.8600006103516
2020-05-12 14:13:31,23.9799995422363
2020-05-12 15:39:35,24.0799999237061
2020-05-12 16:06:16,24.1800003051758
2020-05-12 16:13:16,24.2800006866455
2020-05-12 16:25:16,24.3999996185303
2020-05-12 16:46:17,24.5
2020-05-12 17:13:28,24.3999996185303
2020-05-12 20:39:36,24.5
2020-05-12 21:18:37,24.3999996185303
2020-05-12 23:20:32,24.2999992370605
2020-05-13 01:39:37,24.1800003051758
2020-05-13 06:43:19,24.2800006866455
2020-05-13 10:07:17,24.1800003051758
2020-05-13 10:41:18,24.0799999237061
2020-05-13 11:33:21,24.1800003051758
2020-05-13 13:58:26,24.2800006866455
2020-05-13 14:04:56,24.3999996185303
2020-05-13 14:17:57,24.5
2020-05-13 14:53:58,24.6000003814697
2020-05-13 15:58:50,24.5
2020-05-13 16:11:51,24.3999996185303
2020-05-13 16:17:51,24.2999992370605
2020-05-13 16:27:52,24.1800003051758
2020-05-13 16:53:23,24.0799999237061
2020-05-13 18:01:26,24.1800003051758
2020-05-13 18:25:26,24.2800006866455
2020-05-13 19:20:29,24.3999996185303
2020-05-13 19:35:29,24.2999992370605
2020-05-13 21:02:23,24.3999996185303
2020-05-13 22:21:26,24.2999992370605
2020-05-13 23:54:29,24.1800003051758
2020-05-14 00:40:21,24.0799999237061
2020-05-14 02:56:26,23.9799995422363
2020-05-14 03:26:57,23.8799991607666
2020-05-14 05:44:02,23.7600002288818
2020-05-14 07:17:45,23.8600006103516
2020-05-14 07:37:46,23.7600002288818
2020-05-14 08:11:47,23.6599998474121
2020-05-14 08:25:48,23.5599994659424
2020-05-14 08:47:29,23.4599990844727
2020-05-14 10:13:32,23.5599994659424
2020-05-14 10:22:32,23.6599998474121
2020-05-14 10:29:12,23.7600002288818
2020-05-14 10:34:13,23.8600006103516
2020-05-14 11:48:15,23.7600002288818
2020-05-14 12:33:17,23.8600006103516
2020-05-14 12:44:47,23.9799995422363
2020-05-14 12:53:48,24.0799999237061
2020-05-14 13:32:29,24.1800003051758
2020-05-14 13:41:29,24.2800006866455
2020-05-14 13:49:40,24.3999996185303
2020-05-14 13:56:40,24.5400009155273
2020-05-14 14:03:40,24.6800003051758
2020-05-14 14:09:30,24.7800006866455
2020-05-14 14:17:31,24.8999996185303
2020-05-14 14:22:31,25.0
2020-05-14 14:28:31,25.1200008392334
2020-05-14 14:54:42,25.2399997711182
2020-05-14 15:18:43,25.1200008392334
2020-05-14 15:21:43,25.0200004577637
2020-05-14 15:27:34,24.8999996185303
2020-05-14 15:30:34,24.7999992370605
2020-05-14 15:37:44,24.6800003051758
2020-05-14 16:24:46,24.5799999237061
2020-05-14 16:47:57,24.4799995422363
2020-05-14 17:21:58,24.5799999237061
2020-05-14 17:40:58,24.6800003051758
2020-05-14 20:43:35,24.5799999237061
2020-05-14 21:16:16,24.4799995422363
2020-05-14 21:52:18,24.5799999237061
2020-05-14 22:32:19,24.6800003051758
2020-05-14 22:51:20,24.5799999237061
2020-05-14 23:05:21,24.4799995422363
2020-05-14 23:32:22,24.3799991607666
2020-05-15 01:51:07,24.2600002288818
2020-05-15 03:44:02,24.1599998474121
2020-05-15 04:15:53,24.0599994659424
2020-05-15 05:07:45,23.9599990844727
2020-05-15 06:08:07,23.8400001525879
2020-05-15 06:43:09,23.7399997711182
2020-05-15 07:06:09,23.6399993896484
2020-05-15 08:27:03,23.7399997711182
2020-05-15 08:42:03,23.8400001525879
2020-05-15 08:56:54,23.9400005340576
2020-05-15 09:13:54,23.8400001525879
2020-05-15 09:21:55,23.7199993133545
2020-05-15 09:37:45,23.8199996948242
2020-05-15 11:42:50,23.9200000762939
2020-05-15 12:05:21,24.0200004577637
2020-05-15 12:23:21,24.1200008392334
2020-05-15 12:40:52,24.0
2020-05-15 12:44:32,23.8999996185303
2020-05-15 12:47:32,23.7999992370605
2020-05-15 12:51:02,23.6800003051758
2020-05-15 13:36:04,23.5799999237061
2020-05-15 13:57:35,23.6800003051758
2020-05-15 15:04:48,23.7800006866455
2020-05-15 15:38:49,23.8999996185303
2020-05-15 15:47:09,24.0
2020-05-15 16:01:10,24.1000003814697
2020-05-15 16:24:21,24.2199993133545
2020-05-15 16:54:22,24.1000003814697
2020-05-15 17:15:23,24.0
2020-05-15 17:55:34,23.8999996185303
2020-05-15 19:27:38,23.7999992370605
2020-05-15 20:05:50,23.8999996185303
2020-05-15 20:27:51,24.0
2020-05-15 21:23:53,24.1000003814697
2020-05-15 22:43:36,24.0
2020-05-16 03:13:57,23.8999996185303
2020-05-16 04:26:50,24.0
2020-05-16 07:14:56,24.1000003814697
2020-05-16 07:29:57,24.0
2020-05-16 09:24:51,24.1000003814697
2020-05-16 09:39:22,23.9599990844727
2020-05-16 09:41:42,23.8199996948242
2020-05-16 09:45:22,23.7000007629395
2020-05-16 09:47:22,23.6000003814697
2020-05-16 09:48:12,23.5
2020-05-16 09:55:12,23.6000003814697
2020-05-16 10:00:12,23.7000007629395
2020-05-16 10:12:23,23.6000003814697
2020-05-16 10:12:53,23.5
2020-05-16 10:14:53,23.2999992370605
2020-05-16 10:16:53,23.1599998474121
2020-05-16 10:18:53,23.0200004577637
2020-05-16 10:32:24,22.8799991607666
2020-05-16 10:41:24,22.9799995422363
2020-05-16 10:47:24,23.0799999237061
2020-05-16 11:03:25,23.1800003051758
2020-05-16 11:22:56,23.2800006866455
2020-05-16 12:11:57,23.1800003051758
2020-05-16 13:37:01,23.2800006866455
2020-05-16 14:00:02,23.3999996185303
2020-05-16 14:29:23,23.5
2020-05-16 15:09:24,23.6000003814697
2020-05-16 15:29:55,23.7000007629395
2020-05-16 16:01:56,23.6000003814697
2020-05-16 16:03:46,23.4799995422363
2020-05-16 16:05:46,23.3600006103516
2020-05-16 16:11:27,23.2600002288818
2020-05-16 16:13:27,23.1599998474121
2020-05-16 16:14:47,23.0599994659424
2020-05-16 16:21:47,23.1599998474121
2020-05-16 16:25:27,23.2800006866455
2020-05-16 16:35:28,23.3999996185303
2020-05-16 16:47:38,23.5
2020-05-16 17:04:39,23.6000003814697
2020-05-16 17:46:30,23.7000007629395
2020-05-16 21:25:29,23.8199996948242
2020-05-17 04:19:45,23.9200000762939
2020-05-17 05:27:47,23.8199996948242
2020-05-17 06:46:50,23.9200000762939
2020-05-17 07:20:51,23.8199996948242
2020-05-17 08:14:44,23.7199993133545
2020-05-17 08:37:04,23.6000003814697
2020-05-17 09:29:06,23.7000007629395
2020-05-17 09:43:07,23.8199996948242
2020-05-17 11:18:51,23.9200000762939
2020-05-17 11:44:52,24.0200004577637
2020-05-17 12:11:03,24.1200008392334
2020-05-17 12:22:03,24.2399997711182
2020-05-17 12:27:23,24.3400001525879
2020-05-17 13:07:14,24.4400005340576
2020-05-17 13:13:15,24.5400009155273
2020-05-17 13:23:15,24.6599998474121
2020-05-17 13:31:45,24.7600002288818
2020-05-17 13:50:46,24.8600006103516
2020-05-17 14:03:47,24.9799995422363
2020-05-17 14:11:47,25.0799999237061
2020-05-17 15:17:00,25.1800003051758
2020-05-17 16:03:01,25.2800006866455
2020-05-17 17:07:53,25.1800003051758
2020-05-17 17:21:34,25.0799999237061
2020-05-17 20:53:31,24.9799995422363
2020-05-17 21:15:32,24.8799991607666
2020-05-17 22:10:35,24.7600002288818
2020-05-17 23:47:48,24.6599998474121
2020-05-18 00:56:51,24.5599994659424
2020-05-18 02:38:55,24.4599990844727
2020-05-18 04:21:49,24.3400001525879
2020-05-18 04:41:49,24.2399997711182
2020-05-18 05:27:51,24.1399993896484
2020-05-18 05:34:21,24.0200004577637
2020-05-18 05:50:22,23.9200000762939
2020-05-18 06:54:04,23.7000007629395
2020-05-18 06:55:04,23.5799999237061
2020-05-18 06:56:24,23.3799991607666
2020-05-18 06:56:54,23.2600002288818
2020-05-18 06:58:24,23.0599994659424
2020-05-18 07:00:24,22.9400005340576
2020-05-18 07:05:25,23.0599994659424
2020-05-18 07:09:25,23.1599998474121
2020-05-18 07:12:05,23.2600002288818
2020-05-18 07:20:05,23.3600006103516
2020-05-18 08:28:58,23.4799995422363
2020-05-18 09:48:51,23.5799999237061
2020-05-18 10:12:42,23.6800003051758
2020-05-18 10:42:43,23.7800006866455
2020-05-18 11:04:54,23.8999996185303
2020-05-18 11:41:55,23.7999992370605
2020-05-18 12:28:57,23.6800003051758
2020-05-18 13:13:29,23.7800006866455
2020-05-18 13:36:10,23.9200000762939
2020-05-18 13:43:10,24.0200004577637
2020-05-18 13:59:41,24.1200008392334
2020-05-18 14:11:41,24.2399997711182
2020-05-18 14:17:51,24.3600006103516
2020-05-18 14:38:42,24.4799995422363
2020-05-18 15:12:43,24.5799999237061
2020-05-18 15:27:24,24.6800003051758
2020-05-18 16:18:26,24.5799999237061
2020-05-18 16:29:26,24.4799995422363
2020-05-18 17:00:27,24.5799999237061
2020-05-18 17:11:28,24.6800003051758
2020-05-18 17:19:28,24.5799999237061
2020-05-18 17:20:58,24.4599990844727
2020-05-18 17:22:58,24.2999992370605
2020-05-18 17:24:08,24.1800003051758
2020-05-18 17:25:58,24.0400009155273
2020-05-18 17:27:58,23.8999996185303
2020-05-18 17:30:08,23.7999992370605
2020-05-18 17:32:08,23.6599998474121
2020-05-18 17:34:38,23.5
2020-05-18 17:35:58,23.3999996185303
2020-05-18 17:37:58,23.2999992370605
2020-05-18 17:42:29,23.1800003051758
2020-05-18 17:46:29,23.0400009155273
2020-05-18 17:51:29,23.1599998474121
2020-05-18 17:53:59,23.2999992370605
2020-05-18 17:55:59,23.4200000762939
2020-05-18 17:58:59,23.5200004577637
2020-05-18 18:01:09,23.6200008392334
2020-05-18 18:08:10,23.7399997711182
2020-05-18 18:13:00,23.8400001525879
2020-05-18 18:19:00,23.9400005340576
2020-05-18 18:26:00,24.0400009155273
2020-05-18 18:37:51,24.1599998474121
2020-05-18 18:45:51,24.2600002288818
2020-05-18 18:57:52,24.3600006103516
2020-05-18 19:50:44,24.2600002288818
2020-05-18 21:13:37,24.1599998474121
2020-05-18 22:51:41,24.0599994659424
2020-05-19 04:17:42,23.9599990844727
2020-05-19 04:56:44,23.8400001525879
2020-05-19 05:02:44,23.7399997711182
2020-05-19 05:29:45,23.8400001525879
2020-05-19 06:01:47,23.7399997711182
2020-05-19 06:41:48,23.6399993896484
2020-05-19 06:58:19,23.5200004577637
2020-05-19 07:29:20,23.4200000762939
2020-05-19 08:37:42,23.5200004577637
2020-05-19 08:54:13,23.6200008392334
2020-05-19 09:05:13,23.7399997711182
2020-05-19 09:18:14,23.6399993896484
2020-05-19 09:29:14,23.7399997711182
2020-05-19 09:34:14,23.8400001525879
2020-05-19 09:43:15,23.9400005340576
2020-05-19 09:46:15,24.0400009155273
2020-05-19 09:55:15,23.9400005340576
2020-05-19 09:59:15,23.8400001525879
2020-05-19 10:05:16,23.7399997711182
2020-05-19 10:10:16,23.6399993896484
2020-05-19 10:33:27,23.5200004577637
2020-05-19 11:32:29,23.6399993896484
2020-05-19 11:47:29,23.7399997711182
2020-05-19 11:57:50,23.8400001525879
2020-05-19 12:10:50,23.9400005340576
2020-05-19 12:15:50,24.0400009155273
2020-05-19 12:23:51,24.1599998474121
2020-05-19 12:30:51,24.2600002288818
2020-05-19 12:34:51,24.3600006103516
2020-05-19 12:42:22,24.4799995422363
2020-05-19 12:47:12,24.6000003814697
2020-05-19 12:49:32,24.7000007629395
2020-05-19 12:55:32,24.5799999237061
2020-05-19 12:58:02,24.4400005340576
2020-05-19 13:01:02,24.3199996948242
2020-05-19 13:28:43,24.2199993133545
2020-05-19 13:48:44,24.3199996948242
2020-05-19 14:07:45,24.4200000762939
2020-05-19 14:13:45,24.5200004577637
2020-05-19 14:19:46,24.6200008392334
2020-05-19 14:43:17,24.7399997711182
2020-05-19 14:58:47,24.8400001525879
2020-05-19 16:06:49,24.7399997711182
2020-05-19 16:39:21,24.6399993896484
2020-05-19 17:08:22,24.5200004577637
2020-05-19 17:21:32,24.4200000762939
2020-05-19 17:34:33,24.2999992370605
2020-05-19 17:40:03,24.1800003051758
2020-05-19 17:54:04,24.0799999237061
2020-05-19 18:39:06,24.1800003051758
2020-05-19 19:32:08,24.0799999237061
2020-05-19 20:53:00,24.1800003051758
2020-05-20 01:18:01,24.0799999237061
2020-05-20 04:17:48,23.9799995422363
2020-05-20 04:36:49,23.8799991607666
2020-05-20 05:09:10,23.9799995422363
2020-05-20 06:35:33,23.8799991607666
2020-05-20 06:50:24,23.7600002288818
2020-05-20 07:05:25,23.6599998474121
2020-05-20 07:25:25,23.5599994659424
2020-05-20 08:53:19,23.4599990844727
2020-05-20 09:25:40,23.3400001525879
2020-05-20 10:01:41,23.4400005340576
2020-05-20 10:16:32,23.5400009155273
2020-05-20 11:12:34,23.6599998474121
2020-05-20 12:47:37,23.7600002288818
2020-05-20 13:09:38,23.8600006103516
2020-05-20 13:26:39,23.9799995422363
2020-05-20 13:45:40,24.0799999237061
2020-05-20 13:55:40,24.1800003051758
2020-05-20 14:00:40,24.2800006866455
2020-05-20 14:11:41,24.3999996185303
2020-05-20 14:40:12,24.5
2020-05-20 15:51:05,24.6000003814697
2020-05-20 16:41:07,24.5
2020-05-20 17:03:57,24.3999996185303
2020-05-20 17:46:49,24.5
2020-05-20 18:13:50,24.6000003814697
2020-05-20 18:43:11,24.5
2020-05-20 19:20:12,24.3999996185303
2020-05-20 21:28:07,24.5
2020-05-20 21:58:08,24.6000003814697
2020-05-20 22:19:09,24.5
2020-05-20 22:33:10,24.3999996185303
2020-05-20 23:01:11,24.2999992370605
2020-05-21 02:42:29,24.1800003051758
2020-05-21 02:58:30,24.0799999237061
2020-05-21 03:52:12,24.1800003051758
2020-05-21 04:19:13,24.0799999237061
2020-05-21 04:23:13,23.9799995422363
2020-05-21 04:31:13,23.8799991607666
2020-05-21 05:12:45,23.7600002288818
2020-05-21 05:56:36,23.8600006103516
2020-05-21 06:07:37,23.7600002288818
2020-05-21 06:16:37,23.6599998474121
2020-05-21 06:35:38,23.7600002288818
2020-05-21 06:54:38,23.6599998474121
2020-05-21 07:48:41,23.7600002288818
2020-05-21 07:58:41,23.6599998474121
2020-05-21 08:28:42,23.5599994659424
2020-05-21 10:22:37,23.6599998474121
2020-05-21 11:13:39,23.7600002288818
2020-05-21 11:44:40,23.6599998474121
2020-05-21 12:18:41,23.7800006866455
2020-05-21 12:51:23,23.8999996185303
2020-05-21 13:05:23,24.0
2020-05-21 13:15:24,24.1000003814697
2020-05-21 13:22:24,24.2199993133545
2020-05-21 13:34:54,24.3199996948242
2020-05-21 13:41:54,24.4200000762939
2020-05-21 13:49:55,24.5200004577637
2020-05-21 13:54:45,24.6399993896484
2020-05-21 13:57:45,24.7399997711182
2020-05-21 14:09:46,24.8400001525879
2020-05-21 14:19:46,24.9400005340576
2020-05-21 14:27:56,25.0400009155273
2020-05-21 14:46:57,24.9400005340576
2020-05-21 14:50:47,24.8199996948242
2020-05-21 15:16:38,24.7199993133545
2020-05-21 15:22:28,24.5799999237061
2020-05-21 15:25:28,24.4799995422363
2020-05-21 15:29:09,24.3600006103516
2020-05-21 15:39:09,24.2600002288818
2020-05-21 15:57:09,24.3600006103516
2020-05-21 16:29:11,24.4799995422363
2020-05-21 16:45:11,24.3799991607666
2020-05-21 17:00:12,24.2600002288818
2020-05-21 17:15:12,24.1200008392334
2020-05-21 17:27:03,24.0200004577637
2020-05-21 17:32:53,23.9200000762939
2020-05-21 17:42:23,23.8199996948242
2020-05-21 17:54:24,23.7199993133545
2020-05-21 18:20:45,23.6000003814697
2020-05-21 18:45:46,23.5
2020-05-21 18:56:16,23.3999996185303
2020-05-21 19:03:16,23.2999992370605
2020-05-21 19:11:46,23.1599998474121
2020-05-21 19:18:47,23.0599994659424
2020-05-21 20:51:00,23.1599998474121
2020-05-21 22:05:43,23.2600002288818
2020-05-21 22:22:44,23.3600006103516
2020-05-21 22:37:24,23.4799995422363
2020-05-21 23:01:25,23.5799999237061
2020-05-21 23:28:16,23.6800003051758
2020-05-22 00:22:18,23.5799999237061
2020-05-22 00:50:19,23.4799995422363
2020-05-22 04:09:56,23.3799991607666
2020-05-22 04:24:57,23.2600002288818
2020-05-22 04:31:57,23.3600006103516
2020-05-22 05:20:59,23.2600002288818
2020-05-22 05:54:30,23.1599998474121
2020-05-22 06:01:30,23.0599994659424
2020-05-22 06:23:31,23.1599998474121
2020-05-22 06:32:02,23.0200004577637
2020-05-22 06:34:02,22.9200000762939
2020-05-22 06:36:12,22.8199996948242
2020-05-22 06:51:13,22.7000007629395
2020-05-22 07:06:43,22.6000003814697
2020-05-22 08:57:47,22.7000007629395
2020-05-22 09:01:47,22.8199996948242
2020-05-22 09:13:48,22.9200000762939
2020-05-22 09:39:49,23.0200004577637
2020-05-22 10:18:50,23.1399993896484
2020-05-22 11:23:43,23.0200004577637
2020-05-22 12:22:45,23.1200008392334
2020-05-22 12:36:15,23.2399997711182
2020-05-22 12:46:16,23.3400001525879
2020-05-22 12:53:16,23.4400005340576
2020-05-22 13:01:16,23.5400009155273
2020-05-22 13:09:06,23.6599998474121
2020-05-22 13:19:07,23.7800006866455
2020-05-22 13:27:47,23.8999996185303
2020-05-22 13:35:47,24.0200004577637
2020-05-22 13:42:48,24.1200008392334
2020-05-22 13:51:48,24.2399997711182
2020-05-22 13:56:48,24.3400001525879
2020-05-22 14:03:18,24.4599990844727
2020-05-22 14:10:19,24.5599994659424
2020-05-22 14:16:59,24.6599998474121
2020-05-22 14:22:59,24.7600002288818
2020-05-22 14:26:59,24.8600006103516
2020-05-22 14:39:00,24.9799995422363
2020-05-22 15:34:32,24.8799991607666
2020-05-22 16:13:03,24.7600002288818
2020-05-22 16:49:05,24.6399993896484
2020-05-22 17:24:46,24.5200004577637
2020-05-22 17:43:37,24.4200000762939
2020-05-22 17:58:38,24.5200004577637
2020-05-22 18:16:38,24.4200000762939
2020-05-22 18:42:39,24.5200004577637
2020-05-22 19:03:30,24.6200008392334
2020-05-22 19:22:01,24.7399997711182
2020-05-22 23:03:09,24.6399993896484
2020-05-23 00:01:02,24.5200004577637
2020-05-23 00:44:23,24.4200000762939
2020-05-23 02:37:17,24.3199996948242
2020-05-23 03:18:19,24.2199993133545
2020-05-23 04:02:41,24.1000003814697
2020-05-23 04:18:11,24.0
2020-05-23 04:30:12,23.8999996185303
2020-05-23 05:25:03,23.7999992370605
2020-05-23 06:45:06,23.8999996185303
2020-05-23 06:53:07,24.0
2020-05-23 07:02:07,24.1000003814697
2020-05-23 07:11:07,24.2000007629395
2020-05-23 07:31:08,24.1000003814697
2020-05-23 07:36:08,24.0
2020-05-23 08:06:10,23.8999996185303
2020-05-23 09:58:54,23.7999992370605
2020-05-23 10:12:54,23.6800003051758
2020-05-23 10:25:05,23.5799999237061
2020-05-23 10:34:05,23.4799995422363
2020-05-23 10:46:06,23.3600006103516
2020-05-23 10:57:06,23.2600002288818
2020-05-23 11:12:57,23.3600006103516
2020-05-23 11:16:07,23.4799995422363
2020-05-23 11:23:07,23.5799999237061
2020-05-23 11:37:38,23.6800003051758
2020-05-23 11:51:38,23.7999992370605
2020-05-23 14:18:14,23.8999996185303
2020-05-23 14:31:14,24.0
2020-05-23 14:44:55,24.1000003814697
2020-05-23 14:51:55,24.2000007629395
2020-05-23 15:13:56,24.1000003814697
2020-05-23 15:20:56,24.0
2020-05-23 15:30:57,23.8999996185303
2020-05-23 15:51:58,24.0
2020-05-23 19:14:55,24.1000003814697
2020-05-23 20:11:57,24.2000007629395
2020-05-23 20:26:58,24.3199996948242
2020-05-23 21:15:00,24.2199993133545
2020-05-23 22:07:52,24.1000003814697
2020-05-23 22:24:43,24.0
2020-05-23 22:32:43,23.8999996185303
2020-05-23 22:45:14,23.7999992370605
2020-05-23 23:36:16,23.8999996185303
2020-05-24 00:11:17,24.0
2020-05-24 00:38:38,24.1000003814697
2020-05-24 01:15:40,24.0
2020-05-24 01:48:41,23.8999996185303
2020-05-24 02:30:32,23.7999992370605
2020-05-24 04:14:26,23.6800003051758
2020-05-24 04:30:47,23.5799999237061
2020-05-24 04:38:47,23.6800003051758
2020-05-24 04:55:48,23.5799999237061
2020-05-24 06:38:42,23.4799995422363
2020-05-24 06:52:42,23.3799991607666
2020-05-24 07:14:43,23.2600002288818
2020-05-24 07:43:44,23.1599998474121
2020-05-24 08:31:46,23.0599994659424
2020-05-24 08:55:27,22.9599990844727
2020-05-24 09:05:27,22.8199996948242
2020-05-24 09:10:27,22.7199993133545
2020-05-24 09:45:29,22.8199996948242
2020-05-24 10:00:30,22.9200000762939
2020-05-24 10:07:50,23.0200004577637
2020-05-24 10:14:50,23.1200008392334
2020-05-24 10:25:11,23.2399997711182
2020-05-24 10:52:11,23.3400001525879
2020-05-24 11:15:42,23.4400005340576
2020-05-24 12:23:45,23.5400009155273
2020-05-24 12:38:06,23.6599998474121
2020-05-24 12:46:56,23.7600002288818
2020-05-24 12:57:56,23.8600006103516
2020-05-24 13:10:57,23.9799995422363
2020-05-24 13:17:27,24.0799999237061
2020-05-24 13:27:27,24.1800003051758
2020-05-24 13:32:18,24.2800006866455
2020-05-24 13:40:18,24.3999996185303
2020-05-24 13:46:58,24.5200004577637
2020-05-24 13:51:59,24.6200008392334
2020-05-24 13:58:59,24.7399997711182
2020-05-24 14:08:19,24.8400001525879
2020-05-24 14:16:20,24.9400005340576
2020-05-24 14:21:50,25.0400009155273
2020-05-24 15:14:42,25.1599998474121
2020-05-24 15:34:43,25.0599994659424
2020-05-24 15:46:43,24.9400005340576
2020-05-24 15:59:33,24.8199996948242
2020-05-24 16:11:34,24.7199993133545
2020-05-24 17:26:37,24.6000003814697
2020-05-24 18:11:28,24.7000007629395
2020-05-24 18:16:29,24.8199996948242
2020-05-24 18:25:29,24.9200000762939
2020-05-24 18:41:00,25.0200004577637
2020-05-24 19:02:01,24.9200000762939
2020-05-24 19:19:51,24.8199996948242
2020-05-24 19:31:52,24.7199993133545
2020-05-24 19:39:32,24.6000003814697
2020-05-24 21:17:36,24.7000007629395
2020-05-24 22:06:38,24.6000003814697
2020-05-24 22:20:38,24.5
2020-05-24 22:36:39,24.6000003814697
2020-05-24 23:07:30,24.7000007629395
2020-05-25 00:01:32,24.6000003814697
2020-05-25 03:03:38,24.5
2020-05-25 04:05:21,24.3999996185303
2020-05-25 05:50:25,24.2800006866455
2020-05-25 05:58:35,24.1800003051758
2020-05-25 07:39:39,24.0799999237061
2020-05-25 09:21:33,24.1800003051758
2020-05-25 10:15:35,24.2800006866455
2020-05-25 11:53:38,24.3999996185303
2020-05-25 12:58:51,24.5
2020-05-25 13:09:41,24.6000003814697
2020-05-25 13:19:41,24.7000007629395
2020-05-25 13:31:22,24.8199996948242
2020-05-25 13:42:22,24.9200000762939
2020-05-25 14:01:33,25.0200004577637
2020-05-25 14:11:34,25.1800003051758
2020-05-25 14:24:54,25.2800006866455
2020-05-25 14:41:55,25.1599998474121
2020-05-25 14:54:55,25.0599994659424
2020-05-25 15:03:56,24.9599990844727
2020-05-25 16:05:48,25.0599994659424
2020-05-25 16:10:48,25.1599998474121
2020-05-25 16:29:09,25.0400009155273
2020-05-25 16:37:49,24.9400005340576
2020-05-25 16:52:50,25.0400009155273
2020-05-25 17:50:52,24.9400005340576
2020-05-25 17:55:52,24.8400001525879
2020-05-25 18:12:52,24.7399997711182
2020-05-25 18:42:53,24.6399993896484
2020-05-25 19:09:04,24.5200004577637
2020-05-25 19:32:05,24.4200000762939
2020-05-25 19:39:56,24.3199996948242
2020-05-25 19:52:56,24.2199993133545
2020-05-25 20:09:07,24.1000003814697
2020-05-25 20:23:07,24.0
2020-05-25 21:28:10,23.8999996185303
2020-05-25 21:31:40,23.7999992370605
2020-05-25 21:35:40,23.6800003051758
2020-05-25 22:12:22,23.5799999237061
2020-05-25 23:02:23,23.6800003051758
2020-05-25 23:25:24,23.7800006866455
2020-05-25 23:51:55,23.8999996185303
2020-05-26 00:34:57,23.7999992370605
2020-05-26 00:54:58,23.6800003051758
2020-05-26 01:19:39,23.5799999237061
2020-05-26 02:52:42,23.6800003051758
2020-05-26 03:02:43,23.7800006866455
2020-05-26 03:50:24,23.6800003051758
2020-05-26 03:58:54,23.5799999237061
2020-05-26 04:11:55,23.4799995422363
2020-05-26 05:05:27,23.6000003814697
2020-05-26 05:30:28,23.4799995422363
2020-05-26 05:44:38,23.3799991607666
2020-05-26 07:36:43,23.5
2020-05-26 07:39:43,23.6000003814697
2020-05-26 08:07:44,23.7000007629395
2020-05-26 08:48:46,23.6000003814697
2020-05-26 09:39:38,23.7000007629395
2020-05-26 10:23:39,23.8199996948242
2020-05-26 11:01:41,23.9200000762939
2020-05-26 11:52:33,24.0200004577637
2020-05-26 12:20:24,24.1200008392334
2020-05-26 12:48:15,24.2399997711182
2020-05-26 13:04:15,24.3400001525879
2020-05-26 13:19:56,24.4400005340576
2020-05-26 13:31:56,24.5400009155273
2020-05-26 13:41:47,24.6599998474121
2020-05-26 13:46:47,24.7600002288818
2020-05-26 13:53:47,24.8600006103516
2020-05-26 14:01:48,24.9799995422363
2020-05-26 14:07:18,25.1000003814697
2020-05-26 14:12:58,25.2000007629395
2020-05-26 14:22:58,25.3199996948242
2020-05-26 14:37:59,25.4200000762939
2020-05-26 15:35:01,25.5599994659424
2020-05-26 15:41:11,25.6599998474121
2020-05-26 16:40:14,25.5599994659424
2020-05-26 17:25:15,25.4599990844727
2020-05-26 17:48:26,25.3400001525879
2020-05-26 17:55:17,25.2000007629395
2020-05-26 17:57:17,25.0599994659424
2020-05-26 17:59:17,24.9400005340576
2020-05-26 18:01:57,24.7800006866455
2020-05-26 18:03:57,24.6800003051758
2020-05-26 18:06:57,24.5799999237061
2020-05-26 18:11:57,24.4799995422363
2020-05-26 18:14:48,24.3799991607666
2020-05-26 18:21:48,24.2600002288818
2020-05-26 18:28:48,24.1399993896484
2020-05-26 18:34:48,24.0200004577637
2020-05-26 18:38:28,23.9200000762939
2020-05-26 18:42:29,23.8199996948242
2020-05-26 18:53:29,23.9200000762939
2020-05-26 18:57:49,24.0200004577637
2020-05-26 19:02:49,24.1399993896484
2020-05-26 19:09:40,24.2399997711182
2020-05-26 20:23:43,24.3400001525879
2020-05-26 20:34:43,24.2399997711182
2020-05-26 20:40:43,24.1399993896484
2020-05-26 21:41:46,24.0200004577637
2020-05-26 22:10:47,23.9200000762939
2020-05-26 23:12:49,23.8199996948242
2020-05-26 23:42:30,23.7199993133545
2020-05-27 00:24:32,23.6000003814697
2020-05-27 00:57:33,23.5
2020-05-27 01:10:34,23.6000003814697
2020-05-27 01:16:34,23.7000007629395
2020-05-27 01:46:35,23.6000003814697
2020-05-27 02:45:47,23.5
2020-05-27 04:26:51,23.6000003814697
2020-05-27 06:23:45,23.7000007629395
2020-05-27 07:02:47,23.6000003814697
2020-05-27 07:18:47,23.7000007629395
2020-05-27 07:47:29,23.8199996948242
2020-05-27 08:17:30,23.9200000762939
2020-05-27 08:49:01,24.0200004577637
2020-05-27 09:15:02,24.1200008392334
2020-05-27 09:39:33,24.2399997711182
2020-05-27 09:53:34,24.3400001525879
2020-05-27 10:10:14,24.4400005340576
2020-05-27 10:39:15,24.5400009155273
2020-05-27 10:45:45,24.6800003051758
2020-05-27 12:09:09,24.7800006866455
2020-05-27 13:13:01,24.6800003051758
2020-05-27 13:44:32,24.5799999237061
2020-05-27 13:56:33,24.4599990844727
2020-05-27 14:40:24,24.5599994659424
2020-05-27 15:17:06,24.6599998474121
2020-05-27 15:41:07,24.7600002288818
2020-05-27 15:57:37,24.8600006103516
2020-05-27 16:19:38,24.7399997711182
2020-05-27 16:25:38,24.6399993896484
2020-05-27 16:34:19,24.5200004577637
2020-05-27 16:40:19,24.4200000762939
2020-05-27 16:54:50,24.3199996948242
2020-05-27 17:14:50,24.2199993133545
2020-05-27 17:41:51,24.1000003814697
2020-05-27 18:11:52,24.0
2020-05-27 18:52:54,24.1000003814697
2020-05-27 18:57:24,24.2000007629395
2020-05-27 19:07:24,24.3199996948242
2020-05-27 19:22:25,24.4200000762939
2020-05-27 19:50:26,24.3199996948242
2020-05-27 19:57:26,24.2199993133545
2020-05-27 20:16:27,24.1000003814697
2020-05-27 20:38:18,24.0
2020-05-27 20:59:08,23.8999996185303
2020-05-27 22:20:12,24.0
2020-05-27 23:01:03,23.8999996185303
2020-05-28 00:17:06,23.7999992370605
2020-05-28 01:02:28,23.8999996185303
2020-05-28 01:15:28,24.0
2020-05-28 02:48:22,23.8999996185303
2020-05-28 03:19:23,23.7999992370605
2020-05-28 03:55:25,23.6800003051758
2020-05-28 05:24:58,23.5799999237061
2020-05-28 06:03:59,23.4799995422363
2020-05-28 06:17:50,23.3799991607666
2020-05-28 06:55:11,23.2600002288818
2020-05-28 07:43:13,23.1599998474121
2020-05-28 10:23:09,23.2600002288818
2020-05-28 10:41:10,23.3600006103516
2020-05-28 11:02:01,23.4799995422363
2020-05-28 11:32:12,23.5799999237061
2020-05-28 12:03:13,23.6800003051758
2020-05-28 12:23:14,23.7800006866455
2020-05-28 12:43:15,23.8999996185303
2020-05-28 13:17:16,23.7999992370605
2020-05-28 13:43:07,23.8999996185303
2020-05-28 14:07:08,24.0
2020-05-28 14:14:08,24.1000003814697
2020-05-28 14:34:09,24.0
2020-05-28 14:43:10,23.8999996185303
2020-05-28 15:08:11,23.7999992370605
2020-05-28 15:43:42,23.6800003051758
2020-05-28 16:17:23,23.5799999237061
2020-05-28 16:55:25,23.4799995422363
2020-05-28 17:28:26,23.5799999237061
2020-05-28 17:36:26,23.6800003051758
2020-05-28 18:35:09,23.7800006866455
2020-05-28 18:46:09,23.6800003051758
2020-05-28 19:05:10,23.5799999237061
2020-05-28 19:43:41,23.6800003051758
2020-05-28 20:19:33,23.7800006866455
2020-05-28 21:07:34,23.8999996185303
2020-05-28 21:41:25,23.7999992370605
2020-05-28 21:56:26,23.6800003051758
2020-05-28 22:37:27,23.7800006866455
2020-05-28 22:58:28,23.8999996185303
2020-05-28 23:53:30,23.7999992370605
2020-05-29 00:18:31,23.6800003051758
2020-05-29 02:15:26,23.7800006866455
2020-05-29 03:13:28,23.6800003051758
2020-05-29 03:42:29,23.5799999237061
2020-05-29 04:58:42,23.4799995422363
2020-05-29 07:54:49,23.3799991607666
2020-05-29 08:23:50,23.2399997711182
2020-05-29 08:26:20,23.1200008392334
2020-05-29 08:32:20,23.0200004577637
2020-05-29 08:48:21,22.9200000762939
2020-05-29 09:12:22,22.8199996948242
2020-05-29 09:16:02,22.7199993133545
2020-05-29 09:42:03,22.5799999237061
2020-05-29 09:44:03,22.6800003051758
2020-05-29 10:31:05,22.8199996948242
2020-05-29 10:36:05,22.9400005340576
2020-05-29 10:40:15,23.0400009155273
2020-05-29 10:45:05,23.1800003051758
2020-05-29 11:31:07,23.2800006866455
2020-05-29 11:50:18,23.3999996185303
2020-05-29 11:59:18,23.5200004577637
2020-05-29 12:03:48,23.6200008392334
2020-05-29 12:29:49,23.5200004577637
2020-05-29 12:50:50,23.6200008392334
2020-05-29 13:08:51,23.7399997711182
2020-05-29 13:16:21,23.8400001525879
2020-05-29 13:30:22,23.9400005340576
2020-05-29 13:34:22,24.0400009155273
2020-05-29 13:37:22,24.1599998474121
2020-05-29 13:40:52,24.2800006866455
2020-05-29 13:43:22,24.3999996185303
2020-05-29 13:48:22,24.5
2020-05-29 13:54:22,24.6000003814697
2020-05-29 14:01:23,24.7000007629395
2020-05-29 14:28:04,24.8199996948242
2020-05-29 14:31:04,24.9200000762939
2020-05-29 14:42:34,25.0200004577637
2020-05-29 14:57:35,24.9200000762939
2020-05-29 14:59:35,24.8199996948242
2020-05-29 15:12:05,24.7199993133545
2020-05-29 15:30:06,24.6000003814697
2020-05-29 15:57:37,24.5
2020-05-29 16:05:38,24.3999996185303
2020-05-29 16:36:09,24.2999992370605
2020-05-29 16:53:00,24.1800003051758
2020-05-29 17:13:00,24.0799999237061
2020-05-29 17:28:21,23.9799995422363
2020-05-29 17:46:21,23.8799991607666
2020-05-29 18:04:32,23.7600002288818
2020-05-29 18:23:33,23.6599998474121
2020-05-29 18:35:53,23.5599994659424
2020-05-29 18:42:54,23.4599990844727
2020-05-29 18:49:04,23.3400001525879
2020-05-29 19:05:05,23.2199993133545
2020-05-29 19:18:15,23.1000003814697
2020-05-29 19:29:16,23.0
2020-05-29 19:45:16,22.8999996185303
2020-05-29 19:57:17,22.7800006866455
2020-05-29 20:06:17,22.6800003051758
2020-05-29 20:17:48,22.5799999237061
2020-05-29 20:34:48,22.4599990844727
2020-05-29 20:41:09,22.3400001525879
2020-05-29 21:00:09,22.4599990844727
2020-05-29 21:17:10,22.5599994659424
2020-05-29 21:26:50,22.6599998474121
2020-05-29 21:38:51,22.7800006866455
2020-05-29 22:10:52,22.8999996185303
2020-05-29 22:34:53,23.0
2020-05-29 22:46:53,23.1000003814697
2020-05-30 00:26:47,23.0
2020-05-30 00:41:48,23.1000003814697
2020-05-30 01:40:50,23.2000007629395
2020-05-30 02:50:53,23.1000003814697
2020-05-30 03:35:05,23.0
2020-05-30 04:50:07,23.1000003814697
2020-05-30 04:55:07,23.2000007629395
2020-05-30 05:09:08,23.3199996948242
2020-05-30 05:14:18,23.4200000762939
2020-05-30 05:32:19,23.3199996948242
2020-05-30 05:40:19,23.4400005340576
2020-05-30 05:42:19,23.5400009155273
2020-05-30 05:43:49,23.6599998474121
2020-05-30 05:51:49,23.5599994659424
2020-05-30 05:55:49,23.4599990844727
2020-05-30 06:39:51,23.3400001525879
2020-05-30 06:57:52,23.2199993133545
2020-05-30 07:10:52,23.3199996948242
2020-05-30 07:20:33,23.2000007629395
2020-05-30 07:22:33,23.1000003814697
2020-05-30 07:24:33,23.0
2020-05-30 07:26:33,22.8999996185303
2020-05-30 07:28:03,22.7999992370605
2020-05-30 07:31:03,22.6800003051758
2020-05-30 07:32:53,22.5799999237061
2020-05-30 07:42:54,22.4400005340576
2020-05-30 07:46:54,22.3199996948242
2020-05-30 07:47:54,22.2199993133545
2020-05-30 07:55:34,22.1000003814697
2020-05-30 07:59:34,22.0
2020-05-30 08:24:55,21.8799991607666
2020-05-30 08:29:55,21.7600002288818
2020-05-30 08:38:56,21.8600006103516
2020-05-30 08:50:36,21.7399997711182
2020-05-30 09:00:37,21.8400001525879
2020-05-30 09:03:07,21.9599990844727
2020-05-30 09:08:07,22.0799999237061
2020-05-30 09:15:57,22.2000007629395
2020-05-30 09:27:58,22.3199996948242
2020-05-30 09:36:18,22.4200000762939
2020-05-30 11:01:21,22.5200004577637
2020-05-30 11:31:13,22.3799991607666
2020-05-30 11:34:13,22.4799995422363
2020-05-30 11:54:04,22.3799991607666
2020-05-30 11:58:04,22.4799995422363
2020-05-30 12:11:04,22.5799999237061
2020-05-30 12:27:05,22.7000007629395
2020-05-30 12:40:55,22.8199996948242
2020-05-30 12:58:56,22.9400005340576
2020-05-30 13:06:36,23.0599994659424
2020-05-30 13:23:27,23.1599998474121
2020-05-30 13:28:27,23.2600002288818
2020-05-30 13:32:07,23.3600006103516
2020-05-30 13:40:07,23.4799995422363
2020-05-30 13:49:08,23.5799999237061
2020-05-30 14:04:08,23.6800003051758
2020-05-30 14:20:09,23.7999992370605
2020-05-30 14:31:09,23.8999996185303
2020-05-30 14:35:10,23.7999992370605
2020-05-30 14:38:10,23.6800003051758
2020-05-30 14:40:20,23.5400009155273
2020-05-30 14:43:20,23.4200000762939
2020-05-30 14:48:40,23.3199996948242
2020-05-30 14:52:40,23.2000007629395
2020-05-30 14:54:40,23.1000003814697
2020-05-30 15:02:41,22.9799995422363
2020-05-30 15:15:21,22.8199996948242
2020-05-30 15:16:41,22.7199993133545
2020-05-30 15:22:42,22.8199996948242
2020-05-30 15:24:52,22.9200000762939
2020-05-30 15:29:52,23.0200004577637
2020-05-30 15:33:52,23.1200008392334
2020-05-30 15:39:52,23.2399997711182
2020-05-30 17:06:06,23.1399993896484
2020-05-30 17:31:37,23.0200004577637
2020-05-30 18:07:38,22.9200000762939
2020-05-30 18:28:39,22.8199996948242
2020-05-30 19:08:40,22.7199993133545
2020-05-30 20:58:34,22.8199996948242
2020-05-30 21:12:35,22.7199993133545
2020-05-30 21:20:35,22.6000003814697
2020-05-30 21:33:06,22.5
2020-05-30 21:49:06,22.3799991607666
2020-05-30 22:04:37,22.2399997711182
2020-05-30 22:49:38,22.1399993896484
2020-05-30 23:09:39,22.0200004577637
2020-05-30 23:23:40,21.9200000762939
2020-05-30 23:37:50,21.8199996948242
2020-05-31 00:02:51,21.7199993133545
2020-05-31 01:45:55,21.6000003814697
2020-05-31 02:25:07,21.5
2020-05-31 02:58:08,21.6000003814697
2020-05-31 03:03:08,21.5
2020-05-31 03:05:08,21.3799991607666
2020-05-31 03:08:28,21.2399997711182
2020-05-31 03:22:29,21.3400001525879
2020-05-31 03:34:29,21.4400005340576
2020-05-31 04:31:51,21.5400009155273
2020-05-31 04:53:52,21.4400005340576
2020-05-31 05:42:54,21.5400009155273
2020-05-31 06:24:56,21.6599998474121
2020-05-31 06:51:27,21.7600002288818
2020-05-31 07:37:38,21.8999996185303
2020-05-31 08:00:39,22.0
2020-05-31 08:19:40,22.1000003814697
2020-05-31 08:36:41,22.2000007629395
2020-05-31 08:56:12,22.3199996948242
2020-05-31 09:00:12,22.2000007629395
2020-05-31 09:05:02,22.0799999237061
2020-05-31 09:16:02,21.9799995422363
2020-05-31 09:44:54,22.0799999237061
2020-05-31 09:49:54,21.9799995422363
2020-05-31 10:00:44,21.8799991607666
2020-05-31 10:29:45,21.9799995422363
2020-05-31 10:45:46,21.8600006103516
2020-05-31 10:57:46,21.9799995422363
2020-05-31 11:15:27,22.0799999237061
2020-05-31 11:33:28,22.1800003051758
2020-05-31 11:44:58,22.2800006866455
2020-05-31 12:08:59,22.3999996185303
2020-05-31 12:16:29,22.5
2020-05-31 12:22:30,22.6200008392334
2020-05-31 12:28:40,22.7600002288818
2020-05-31 12:33:40,22.8600006103516
2020-05-31 12:40:00,22.9799995422363
2020-05-31 12:45:11,23.0799999237061
2020-05-31 12:51:11,23.2199993133545
2020-05-31 12:59:31,23.3199996948242
2020-05-31 13:03:31,23.4200000762939
2020-05-31 13:08:32,23.5200004577637
2020-05-31 13:12:32,23.6200008392334
2020-05-31 13:18:32,23.7399997711182
2020-05-31 13:22:32,23.8400001525879
2020-05-31 13:27:12,23.9400005340576
2020-05-31 13:32:12,24.0400009155273
2020-05-31 13:39:13,24.1599998474121
2020-05-31 13:45:13,24.2800006866455
2020-05-31 13:51:43,24.4200000762939
2020-05-31 13:57:03,24.5200004577637
2020-05-31 14:03:03,24.6399993896484
2020-05-31 14:09:14,24.7399997711182
2020-05-31 14:13:14,24.8400001525879
2020-05-31 14:19:24,24.9400005340576
2020-05-31 14:26:24,25.0599994659424
2020-05-31 14:54:56,24.9400005340576
2020-05-31 15:02:46,24.8199996948242
2020-05-31 15:12:46,24.7199993133545
2020-05-31 15:23:57,24.6000003814697
2020-05-31 15:31:17,24.5
2020-05-31 15:34:17,24.3600006103516
2020-05-31 15:51:28,24.2600002288818
2020-05-31 16:04:28,24.1599998474121
2020-05-31 16:17:59,24.0599994659424
2020-05-31 16:26:59,23.9599990844727
2020-05-31 16:33:49,23.8400001525879
2020-05-31 16:38:39,23.7199993133545
2020-05-31 16:52:30,23.6000003814697
2020-05-31 17:07:30,23.7000007629395
2020-05-31 17:27:31,23.6000003814697
2020-05-31 17:40:32,23.5
2020-05-31 17:45:32,23.3999996185303
2020-05-31 17:51:32,23.2999992370605
2020-05-31 17:57:32,23.3999996185303
2020-05-31 18:04:32,23.5
2020-05-31 18:31:33,23.6000003814697
2020-05-31 19:27:25,23.5
2020-05-31 19:53:26,23.3999996185303
2020-05-31 20:27:27,23.2999992370605
2020-05-31 20:53:18,23.1800003051758
2020-05-31 21:30:20,23.0799999237061
2020-05-31 21:59:11,22.9799995422363
2020-05-31 22:32:33,22.8799991607666
2020-05-31 23:13:34,22.9799995422363
2020-05-31 23:16:44,23.0799999237061
2020-05-31 23:51:46,22.9799995422363
